REFERENCE,S,T,Y,N,Q,G,A,V,C,P,L,I,M,W,F,K,R,H,D,E,del,*
M0001,1,3,0,0,0,0,0,0,0,0,1,3,0,0,0,1,0,0,0,0,0,0
F0002,0,0,1,0,0,0,0,27,3,4,4,1,1,0,0,0,1,0,1,0,0,2
V0003,0,0,2,0,0,1,2,0,0,1,3,1,0,0,2,0,0,0,0,0,0,0
F0004,3,0,2,1,0,3,0,1,0,1,3,2,0,0,0,27,0,0,0,0,0,0
L0005,1,0,0,1,0,0,27,0,1,0,0,6,0,0,18,0,1,0,0,0,0,0
V0006,0,1,0,0,0,0,29,0,0,0,4,4,0,0,2,0,0,0,0,0,0,0
L0007,0,0,1,0,0,0,1,0,0,1,0,0,0,0,0,0,0,0,0,0,0,0
L0008,0,0,0,0,1,0,0,2,0,0,0,1,2,0,0,0,0,0,0,0,0,0
P0009,1,2,0,0,0,0,28,0,1,0,4,0,0,0,1,2,0,0,3,0,0,0
L0010,1,0,0,0,1,0,0,1,0,29,0,1,0,0,0,0,0,0,0,0,0,1
V0011,0,2,0,2,0,0,1,0,0,0,1,2,0,0,1,0,0,0,1,1,0,0
S0012,0,3,3,1,0,0,0,2,0,0,28,0,0,0,4,0,0,0,0,0,0,0
S0013,0,4,0,5,0,1,0,0,1,0,0,1,0,0,0,0,1,27,1,0,0,0
Q0014,0,0,0,0,0,0,0,0,0,3,1,0,0,0,0,3,1,4,27,0,1,2
C0015,2,0,4,2,0,1,0,0,0,0,0,27,0,0,4,0,0,0,1,0,1,1
V0016,0,1,1,0,0,27,1,0,0,0,0,0,4,0,3,0,0,0,0,0,1,0
N0017,3,0,0,0,0,0,0,1,0,0,0,0,0,0,1,0,2,1,4,0,0,0
L0018,1,0,1,0,0,0,0,4,0,27,0,3,0,0,6,0,0,0,0,0,0,0
T0019,0,0,0,0,0,0,2,3,0,0,4,2135,1,0,0,27,1,0,0,0,0,0
T0020,1,0,0,1,0,2,31,0,0,0,0,1,0,0,2,2,0,0,1,0,0,0
R0021,0,3,1,1,0,2,0,0,0,0,2,29,0,0,0,3,0,0,0,0,0,0
T0022,3,0,2,0,0,1,1,0,0,1,0,4,0,0,0,30,0,0,1,0,0,0
Q0023,1,0,1,0,0,0,0,0,28,2,2,0,0,0,0,0,0,2,0,1,0,0
L0024,0,2,0,0,0,0,0,29,0,3,0,1,1,0,3,0,0,0,0,0,2137,0
P0025,1,0,0,0,0,0,1,0,1,0,3,0,0,0,2,0,0,0,0,0,2137,3
P0026,4,2,0,3,27,0,0,1,0,0,2,0,0,0,2,0,0,1,0,0,2137,0
A0027,2138,2,0,0,0,0,0,3,0,0,2,3,0,0,0,3,1,0,0,0,0,0
Y0028,5,0,0,27,0,1,0,0,0,0,3,1,0,0,0,0,0,3,0,0,0,0
T0029,4,0,0,1,0,27,2,1,0,1,0,5,0,0,0,0,0,0,2,2,0,0
N0030,30,1,0,0,0,0,1,0,1,0,0,0,0,0,0,2,0,0,1,2,0,0
S0031,0,0,0,0,0,0,2,0,1,3,1,1,0,0,4,0,0,0,0,0,0,0
F0032,4,0,1,3,0,0,0,1,0,0,0,1,28,0,0,0,0,0,1,0,0,1
T0033,2,0,0,0,0,0,3,0,0,0,2,1,27,0,0,1,0,0,0,0,0,0
R0034,0,1,0,3,0,1,0,0,1,0,1,0,0,0,0,0,0,32,0,0,0,0
G0035,27,0,2,0,0,0,0,5,2,0,0,0,0,0,1,0,0,0,2,0,0,0
V0036,1,0,0,1,0,1,33,0,0,0,1,2,0,0,1,0,0,0,1,0,0,0
Y0037,3,0,0,3,0,0,1,0,3,0,0,0,0,0,0,0,0,0,1,0,0,0
Y0038,0,2,0,0,0,1,0,0,0,0,1,0,0,0,2,27,0,1,1,0,0,0
P0039,1,1,0,1,0,0,1,0,2,0,0,27,0,0,1,0,0,5,0,0,0,0
D0040,0,0,0,3,0,0,3,1,0,0,0,0,0,0,0,0,0,1,0,27,0,0
K0041,0,1,0,1,0,0,0,0,1,0,0,0,0,0,0,0,0,0,2,29,0,4
V0042,0,0,0,0,0,1,1,0,0,0,28,0,0,0,0,0,1,0,0,0,0,0
F0043,4,0,0,0,0,0,0,0,3,0,1,0,0,0,0,0,0,0,0,0,0,0
R0044,1,0,29,1,2,0,0,1,0,1,0,0,0,0,0,1,0,0,0,0,0,2
S0045,0,5,0,0,0,0,0,0,1,0,0,1,0,1,1,0,0,0,0,0,0,0
S0046,0,2,30,0,0,0,1,1,0,2,2,0,0,0,0,0,0,0,0,0,0,4
V0047,1,0,0,4,0,1,29,0,0,0,0,1,0,0,1,0,0,0,0,0,0,0
L0048,0,27,0,0,0,0,1,0,0,1,0,1,0,3,0,0,0,0,0,0,0,2
H0049,0,0,1,0,1,1,0,0,2,0,2,0,0,1,0,0,1,0,0,0,0,3
S0050,0,2,0,0,0,0,2,0,0,1,4,0,0,0,1,0,0,0,0,0,0,4
T0051,2,0,0,1,0,0,3,0,0,0,0,33,0,0,2,0,0,0,0,0,0,0
Q0052,0,0,0,1,0,0,0,0,0,0,2,0,0,0,0,0,0,27,0,3,0,4
D0053,0,0,1,0,0,1,0,0,2,0,1,1,0,0,0,0,27,1,0,1,0,0
L0054,2,0,0,0,0,0,1,0,0,0,0,0,1,27,0,0,0,0,1,0,0,4
F0055,0,1,0,0,0,0,0,0,30,0,4,0,1,0,0,0,0,1,0,0,0,0
L0056,1,0,0,1,0,0,0,1,0,0,0,0,28,1,3,0,1,0,0,0,0,0
P0057,1,2,0,1,0,0,0,0,0,0,2,0,0,0,0,0,1,1,0,0,0,0
F0058,2,0,1,0,0,0,1,3,0,0,2,27,0,0,0,0,1,0,0,0,0,0
F0059,2,0,0,0,0,1,0,0,2,0,8,1,1,0,0,0,1,0,0,0,0,0
S0060,0,1,0,1,0,0,2,0,29,1,0,0,0,0,2,0,0,3,0,1,0,0
N0061,0,3,0,0,0,2,0,0,0,0,0,0,0,0,0,0,1,2,3,0,0,0
V0062,2,1,0,0,0,0,0,0,0,0,1,8,0,0,1,0,0,0,0,0,0,0
T0063,2,0,0,1,1,3,4,0,0,0,1,0,0,0,0,0,0,0,28,0,0,0
W0064,0,0,2,3,0,0,1,0,3,0,2,0,0,0,0,0,29,0,0,0,0,1
F0065,2,1,27,0,0,0,1,0,0,3,0,0,0,0,0,0,0,0,0,0,0,2
H0066,1,1,1,2,0,1,0,0,1,27,0,0,0,0,0,3,1,0,0,0,0,0
A0067,1,2,0,0,0,0,0,2,1,0,2,0,2,0,0,0,0,0,1,0,0,0
I0068,0,1,0,27,0,1,0,2,0,0,1,0,4,0,0,0,3,0,0,0,0,0
H0069,27,0,3,0,1,0,0,0,4,0,0,2,0,0,0,0,1,0,0,0,1050,1
V0070,0,1,0,0,0,0,2,0,1,0,0,30,2,0,0,0,1,0,1,0,1050,0
S0071,0,0,0,0,0,0,0,27,0,8,0,1,0,0,3,0,0,0,0,0,0,0
G0072,0,0,0,0,4,0,2,3,28,0,0,0,0,0,0,2,2,0,1,1,0,0
T0073,0,0,0,1,0,1,3,2,0,0,0,2,0,0,0,0,29,0,0,0,0,0
N0074,0,0,2,0,0,0,2,0,0,0,1,0,0,1,27,1,0,0,5,1,0,0
G0075,1,2,1,3,0,0,1,7,0,0,0,0,0,0,0,0,3,0,29,0,0,0
T0076,2,0,2,0,0,0,0,4,0,1,0,4,0,0,1,0,0,0,1,3,0,0
K0077,0,1,0,1,1,0,0,0,0,0,2,0,1,3,0,0,27,1,1,2,0,0
R0078,1,0,0,0,0,0,0,27,2,0,0,0,0,0,0,7,0,0,0,0,0,2
F0079,0,0,0,0,0,0,1,1,0,0,30,0,1,0,0,0,0,0,1,1,0,0
D0080,26,0,5,1,0,1,0,0,1,0,0,1,0,0,0,2,0,0,0,0,0,0
N0081,0,0,0,0,0,1,1,0,0,0,0,1,0,0,1,2,0,0,4,0,3,0
P0082,0,0,1,0,0,0,1,1,1,0,27,1,0,0,3,0,0,1,0,0,4,0
V0083,1,0,0,29,0,0,1000,0,0,0,0,0,0,0,1,1,0,0,0,0,1,0
L0084,2,0,0,0,4,0,1,0,0,0,0,1,1,0,1,0,0,1,0,0,1,0
P0085,1,3,0,0,1,0,0,0,1,0,2,1,0,0,0,0,0,0,0,0,1,0
F0086,1,1,1,0,0,27,0,0,3,0,4,0,0,0,0,1,0,0,0,0,1,0
N0087,3,2,1,0,0,1,0,1,27,1,0,0,0,0,0,0,0,0,2,2,1,0
D0088,0,0,2,2,2,0,0,0,1,0,0,1,0,0,0,1,0,0,0,0,1,0
G0089,0,0,2,0,0,0,0,1,1,0,0,0,0,0,0,4,0,0,1,1,1,1
V0090,0,2,0,0,0,28,4,0,0,0,0,0,1,0,0,0,0,0,0,0,0,0
Y0091,27,0,0,0,0,0,0,0,2,0,0,0,0,0,3,0,0,0,1,0,0,0
F0092,2,0,3,0,0,0,1,1,2,0,1,0,0,0,0,0,0,0,1,0,0,0
A0093,3,4,0,2,0,0,0,1,0,0,0,0,0,0,0,0,0,0,1,0,1,0
S0094,0,1,4,0,0,1,1,2,0,0,0,0,1,0,27,0,0,0,0,0,0,0
T0095,1,0,0,1,0,2,3,27,0,0,0,3,0,0,1,1,0,0,0,0,0,0
E0096,0,3,0,1,1,0,2,0,1,0,0,1,0,0,0,30,0,0,1,0,0,0
K0097,0,1,1,0,0,2,0,0,0,0,2,1,0,0,0,0,1,3,1,1,0,0
S0098,0,2,0,0,0,0,1,0,1,2,0,0,0,0,5,0,0,0,0,0,0,0
N0099,0,0,0,0,0,1,27,0,1,0,0,1,0,0,0,2,0,0,4,2,0,0
I0100,0,30,0,0,0,1,0,2,0,0,0,0,2,1,0,5,0,0,0,0,0,0
I0101,0,5,0,0,0,0,0,2,0,1,2,0,0,0,3,0,0,0,0,0,0,0
R0102,1,31,0,0,0,0,2,0,0,0,0,2,1,0,0,0,0,1,0,2,0,0
G0103,1,1,0,1,0,0,0,0,0,0,1,0,0,0,0,0,27,0,6,1,0,1
W0104,1,1,2,0,0,3,0,1,27,0,1,2,0,0,0,0,0,0,0,0,0,2
I0105,0,0,0,28,0,0,1,6,0,0,2,0,1,0,0,0,0,0,0,0,0,0
F0106,0,0,0,0,0,0,1,0,3,0,31,0,0,0,0,0,0,0,0,0,0,0
G0107,1,1,1,0,0,0,1,1,0,0,0,0,0,0,0,0,0,0,2,0,0,0
T0108,0,0,0,1,0,27,0,0,0,0,0,5,0,0,0,0,0,0,0,3,0,0
T0109,2,0,0,0,0,0,30,1,0,0,0,3,0,0,0,0,0,0,0,0,0,0
L0110,2,1,0,0,0,0,0,6,0,0,0,0,0,0,22,0,0,0,0,0,0,0
D0111,25,0,1,1,0,0,0,4,0,0,0,0,0,0,0,0,1,2,0,2,0,0
S0112,0,0,0,0,0,0,0,0,0,1,29,0,0,0,2,0,0,0,0,0,0,6
K0113,2,2,0,0,1,0,0,0,0,0,0,2,1,22,0,0,0,0,1,1,0,1
T0114,0,0,1,0,0,0,0,25,1,0,0,3,3,0,0,0,0,0,0,0,0,0
Q0115,1,0,22,0,0,0,0,0,2,0,1,0,0,3,0,1,2,0,0,0,0,5
S0116,0,2,1,0,0,0,0,0,2,2,3,0,0,0,2,22,0,0,0,0,0,2
L0117,1,2,0,0,22,0,0,2,0,0,0,1,1,0,0,0,1,0,0,0,0,4
L0118,4,0,1,0,1,0,0,0,0,1,0,0,0,0,25,0,0,2,0,0,0,0
I0119,0,0,0,0,0,0,3,2,0,0,0,0,1,0,0,0,0,0,22,0,0,0
V0120,0,22,0,1,0,0,2,0,0,0,0,6,0,0,2,1,1,0,1,0,0,0
N0121,3,0,22,0,0,2,0,0,0,0,1,0,0,0,0,0,1,0,4,0,0,0
N0122,2,0,0,0,0,0,1,0,0,0,0,1,0,0,0,2,0,0,4,0,0,2
A0123,2,6,1,0,0,0,0,2,0,0,22,1,0,0,0,0,1,0,0,0,0,0
T0124,0,0,1,1,0,1,3,5,1,0,0,3,0,22,0,1,0,0,0,0,0,0
N0125,2,0,0,0,1,4,0,0,0,0,0,1,0,0,4,1,1,0,1,0,0,0
V0126,0,23,0,0,0,0,6,0,0,0,0,0,1,0,2,0,0,0,0,0,0,0
V0127,0,0,0,2,0,1,0,0,0,1,5,1,1,0,22,0,0,0,4,0,0,0
I0128,0,1,0,1,1,0,0,8,0,0,2,0,1,0,0,0,1,0,0,0,0,0
K0129,1,3,2,0,0,0,0,0,0,0,0,0,1,1,0,0,25,0,0,3,0,0
V0130,0,2,1,0,0,0,0,0,0,0,3,1,0,0,0,22,0,0,3,1,1,0
C0131,0,0,4,2,0,1,0,0,0,0,2,0,0,0,3,0,0,0,0,0,1,2
E0132,0,0,0,3,0,23,0,0,0,0,0,2,0,0,0,4,1,0,2,0,0,0
F0133,0,0,4,1,0,1,0,0,0,0,7,0,0,0,0,0,0,0,0,0,0,0
Q0134,3,0,0,1,0,0,0,0,0,1,0,0,0,0,0,4,0,2,0,4,0,23
F0135,0,0,0,1,0,1,2,3,22,0,3,0,0,0,0,0,0,0,0,0,0,0
C0136,2,0,2,0,0,1,0,0,0,0,2,0,0,1,0,0,1,2,0,0,0,1
N0137,0,1,0,0,0,1,0,2,0,0,0,3,0,0,0,4,0,0,3,0,0,0
D0138,0,2,4,1,1,1,1,2,1,0,0,2,0,0,0,1,0,0,0,0,1,0
P0139,0,2,0,0,0,21,0,0,0,0,6,1,0,0,0,5,0,0,0,0,1,2
F0140,2,3,0,0,21,1,0,3,1,1,2,0,0,0,0,0,0,0,0,0,1,1
L0141,0,0,0,0,20,1,0,5,0,0,0,0,0,1,3,0,1,0,0,0,1,0
G0142,1,0,1,0,0,0,0,0,2,0,1,1,0,0,0,0,0,2,2108,0,1,2
V0143,3,1,0,0,0,3,1,0,0,0,1,1,0,0,0,0,0,0,0,0,1,0
Y0144,2,0,0,1,0,2,0,0,2,0,0,0,0,0,0,0,0,1,0,1,1196,3
Y0145,1,0,0,1,1,1,0,0,4,0,2,0,0,0,0,22,0,27,0,0,4,1
H0146,0,0,3,0,942,0,0,0,2,0,4,0,2,0,0,42,2,0,0,0,33,22
K0147,2,0,0,4,5,0,1,0,0,0,0,32,0,2,0,0,1,0,0,63,0,23
N0148,4,1,1,0,2,0,0,2,0,0,0,2,0,0,1,5,0,20,1,0,0,0
N0149,1,2,0,0,0,0,2,0,1,0,0,3,0,0,0,3,0,24,2,0,0,0
K0150,0,3,0,0,0,1,0,0,0,0,0,1,0,0,0,0,6,0,1,4,0,2
S0151,0,2,0,4,0,1,0,0,5,0,1,1,0,0,0,0,0,0,0,0,0,0
W0152,2,0,0,0,7,0,0,0,1,0,3,0,0,0,1,0,57,0,0,0,17,2
M0153,1,8,0,0,0,0,0,8,0,0,1,34,0,0,0,0,2,0,0,0,17,0
E0154,2,0,0,0,1,0,1,4,0,0,0,0,0,17,0,1,0,0,1,0,0,8
S0155,0,0,0,8,0,0,0,1,18,0,0,3,0,0,1,1,4,0,1,0,0,0
E0156,0,1,1,0,0,1,1,1,3,0,1,0,0,0,0,2,0,0,4,0,0,18
F0157,2,0,3,2,0,0,0,1,17,0,77,0,0,0,0,0,0,0,0,0,0,0
R0158,1,4,0,0,0,2,0,0,0,0,1,1,0,1,0,4,0,1,1,0,0,0
V0159,0,2,0,1,0,0,3,0,0,1,5,24,0,0,0,0,0,0,1,0,0,0
Y0160,2,0,0,1,0,0,0,17,3,0,0,0,0,0,3,0,0,1,1,1,1,3
S0161,0,2,5,0,0,0,2,1,2,1,3,0,0,0,2,0,0,0,0,0,1,17
S0162,0,0,0,4,0,6,0,1,2,0,0,1,0,0,0,19,0,0,2,0,1,0
A0163,0,4,0,0,0,0,0,7,0,0,0,0,1,2,0,3,0,0,0,0,1,19
N0164,2,0,4,0,0,0,2,2,0,0,0,2,0,0,1,8,1,2,3,0,0,0
N0165,3,1,0,0,0,1,1,0,0,0,0,2,1,0,0,2,1,5,3,0,0,0
C0166,3,0,4,1,0,2,2,0,0,0,0,17,0,1,2,0,1,0,0,1,0,1
T0167,0,0,2,2,0,0,3,2,1,0,0,4,1,0,0,0,0,1,0,0,0,0
F0168,1,1,0,0,0,0,0,3,18,0,0,2,1,0,0,0,0,2,0,0,0,2
E0169,1,1,0,1,3,1,0,3,0,0,0,0,0,0,0,2,0,0,5,0,0,19
Y0170,0,0,0,0,2,1,0,0,20,1,1,0,0,1,0,0,0,5,2,0,1,1
V0171,17,0,0,0,0,0,3,0,0,0,5,2,1,0,2,0,0,2,0,0,0,0
S0172,0,2,3,0,0,0,2,1,0,3,2,17,0,0,1,0,0,0,0,0,0,1
Q0173,0,0,1,3,0,0,0,0,0,0,4,0,2,2,0,0,1,0,0,4,0,19
P0174,3,4,0,1,1,0,17,1,0,0,3,0,0,0,1,0,0,3,1,0,0,0
F0175,2,1,3,1,0,0,0,2,1,0,5,1,0,1,0,0,0,0,0,0,17,2
L0176,1,1,0,0,0,1,0,0,0,1,0,2,2,0,6,0,0,2,0,0,17,0
M0177,0,5,1,0,0,0,0,8,0,0,17,4,0,1,0,0,0,0,0,1,0,0
D0178,1,0,2,2,1,18,2,1,0,0,0,0,0,0,0,2,0,2,0,1,1,0
L0179,3,1,2,0,0,0,0,2,0,2,0,3,1,0,4,0,1,0,0,0,1,17
E0180,0,1,0,0,4,3,17,4,0,0,1,0,0,0,0,2,1,0,2,0,1,0
G0181,0,1,0,1,19,0,0,14,0,0,1,0,2,1,0,2,4,0,1,1,1,0
K0182,1,7,0,1,2,0,1,0,0,0,1,11,0,0,0,0,1,17,0,3,1,2
Q0183,0,0,0,1,0,0,0,0,2,0,2,0,0,2,0,5,0,0,1,989,1,17
G0184,5,17,0,1,0,0,0,3,4,1,1,0,0,0,0,0,0,0,4,0,0,0
N0185,23,3,1,0,0,1,0,2,0,0,0,0,0,0,0,2,0,0,12,2,0,0
F0186,0,17,2,0,0,0,0,6,0,1,7,2,0,1,0,0,0,0,0,0,0,0
K0187,0,3,0,1,3,0,0,1,0,1,0,2,1,0,0,0,3,0,0,1,0,1
N0188,8,1,0,0,1,1,0,1,1,0,0,0,0,0,0,1,3,0,1,0,0,0
L0189,1,17,4,0,1,0,0,0,3,0,0,0,0,0,4,0,2,0,0,0,0,0
R0190,1,4,0,4,19,3,0,0,0,0,0,1,0,0,0,4,0,0,2,1,0,0
E0191,1,0,0,1,2,4,2,0,0,0,0,0,0,0,0,1,2,0,5,0,0,18
F0192,1,1,2,0,0,0,1,3,0,0,1,7,0,0,0,0,0,0,0,1,0,0
V0193,1,6,0,0,1,17,1,0,0,0,0,2,4,0,1,0,1,0,1,1,0,0
F0194,1,2,1,0,0,1,1,0,17,2,4,1,1,0,0,0,0,1,0,0,0,3
K0195,0,1,0,0,0,17,0,0,0,0,1,0,1,1,1,0,5,0,1,4,0,2
N0196,0,17,1,0,0,0,0,1,3,0,1,0,0,0,0,5,0,4,2,0,0,0
I0197,3,1,0,3,0,0,1,6,0,0,0,0,2,0,1,1,0,0,0,0,0,0
D0198,0,0,0,1,0,20,2,1,0,0,0,0,0,0,0,2,0,1,0,0,0,0
G0199,2,1,0,2,0,0,0,18,0,0,0,0,0,0,0,0,1,0,3,4,0,0
Y0200,1,0,0,1,0,0,0,1,23,0,1,0,0,0,2,0,0,0,2,2,0,0
F0201,18,0,0,0,0,0,1,0,2,3,4,1,0,0,0,0,3,0,1,0,0,0
K0202,1,0,0,2,0,0,0,1,0,0,0,3,17,0,0,0,3,0,0,3,0,1
I0203,0,21,0,2,0,0,0,1,0,0,2,0,1,1,0,1,0,0,0,1,0,0
Y0204,0,0,0,3,1,0,0,1,4,0,3,0,0,0,0,0,2,1,18,0,0,0
S0205,0,1,0,0,0,0,3,0,1,1,2,16,0,0,4,0,0,0,0,0,0,1
K0206,1,2,1,1,2,0,16,0,0,0,1,0,0,0,0,0,1,0,1,2,0,0
H0207,0,0,2,1,2,1,1,0,2,0,2,0,0,0,0,17,0,0,1,2,0,1
T0208,2,0,0,0,0,0,1,3,0,0,1,3,6,0,0,17,2,0,0,0,0,0
P0209,3,0,0,1,0,0,0,2,1,0,9,1,0,1,3,0,0,1,0,0,0,0
I0210,1,0,0,0,0,1,0,62,1,0,1,0,2,0,3,0,0,0,0,0,0,0
N0211,2,1,1,0,0,0,0,1,0,0,0,0,0,0,0,2,0,0,6,19,2,1
L0212,6,17,0,0,0,0,1,2,0,0,0,3,0,0,0,0,0,0,0,0,0,1
V0213,1,2,0,0,0,1118,1,0,0,0,5,17,2,0,0,0,1,0,4,1001,0,0
R0214,0,0,0,1,1,0,0,0,19,1,8,0,0,0,3,0,0,2,2,0,0,1
D0215,0,0,4,6,0,2,0,1,0,0,0,1,0,0,2,0,0,0,0,2,0,1
L0216,1,0,0,0,0,0,0,5,0,0,0,3,0,0,1,0,0,17,2,0,0,2
P0217,24,2,0,2,2,0,1,0,0,0,3,0,0,0,0,0,0,0,0,0,2,0
Q0218,0,2,0,1,0,0,0,0,0,1,18,0,2,0,0,1,3,1,5,0,2,1
G0219,18,0,0,5,0,0,4,2,2,0,0,0,0,0,0,2,1,0,4,0,0,0
F0220,4,1,1,1,1,0,1,1,0,0,4,0,0,0,0,0,0,0,4,0,0,0
S0221,0,5,0,0,2,0,1,2,0,0,21,1,1,0,0,0,0,0,0,0,0,0
A0222,1,4,0,0,0,1,0,2,0,2,0,0,18,0,3,1,0,0,0,3,0,0
L0223,1,0,0,0,0,0,0,17,0,1,0,2,1,0,3,1,0,0,0,0,0,2
E0224,0,2,0,1,1,3,1,1,0,0,0,2,0,0,0,2,1,1,0,0,0,1
P0225,0,2,0,0,2,0,0,0,0,0,21,2,0,0,0,2,0,0,0,0,0,0
L0226,3,0,0,0,0,0,0,0,0,1,0,0,18,1,0,0,0,0,0,1,0,0
V0227,0,2,0,0,2,1,1,0,0,0,1,1,1,0,0,0,0,0,0,0,0,0
D0228,0,2,0,3,0,3,0,0,0,1,0,4,0,0,0,2,0,0,0,16,1,0
L0229,1,0,0,0,0,0,3,5,0,0,0,1,16,1,0,0,0,0,0,0,0,1
P0230,3,0,0,0,7,0,2,0,0,0,6,1,0,0,1,0,1,0,0,0,0,0
I0231,1,9,0,0,0,0,0,18,0,0,2,0,1,0,0,4,0,0,0,0,0,0
G0232,19,0,1,0,0,0,4,2,1,0,0,2,0,0,0,0,2,0,0,0,0,0
I0233,2,1,0,4,0,1,1,21,0,1,0,0,0,0,3,1,0,0,0,0,0,0
N0234,0,0,3,0,0,0,0,0,0,0,0,0,0,0,0,4,0,0,5,2,0,1
I0235,1,2,0,0,0,0,1,4,0,0,2,0,0,1,0,0,0,0,0,0,0,0
T0236,4,0,1,0,0,0,3,3,16,0,0,8,0,0,0,0,0,0,0,1,0,0
R0237,2,0,0,1,1,2,0,0,1,0,0,1,0,1,0,2,0,0,0,1,0,1
F0238,20,0,0,0,0,0,0,0,1,0,6,4,3,0,0,0,0,0,0,0,0,0
Q0239,1,0,2,0,0,1,0,0,0,0,0,0,0,1,0,0,0,1,0,4,0,3
T0240,0,0,0,1,0,1,1,2,0,0,0,1,0,0,0,5,0,0,3,1,0,2
L0241,16,2,2,0,0,0,0,0,1,0,0,1,0,0,1,4,0,0,0,0,0,0
L0242,2,1,1,0,0,0,0,2,0,0,0,18,5,0,4,1,0,0,0,0,0,0
A0243,0,9,0,1,0,0,0,3,0,2,0,19,0,0,1,0,0,0,0,1,0,0
L0244,0,0,0,0,1,0,0,1,0,0,0,3,2,0,1,2,1,0,0,0,0,1
H0245,2,0,4,12,3,0,0,0,2,18,1,1,0,0,0,4,0,0,2,0,0,4
R0246,0,1,0,0,1,0,0,0,1,0,1,0,0,0,0,7,0,0,0,16,0,1
S0247,0,16,0,10,0,1,0,4,1,0,0,0,1,0,3,0,1,0,0,0,1,0
Y0248,1,0,0,1,0,0,0,0,0,0,0,0,0,0,4,0,1,21,1,0,1,0
L0249,6,0,0,0,0,0,0,2,0,1,0,0,1,0,19,0,0,0,0,0,0,0
T0250,0,0,0,1,0,0,6,2,4,1,1,4,0,0,0,0,0,0,2,0,0,0
P0251,1,2,0,0,16,0,0,0,0,0,9,0,0,0,7,0,0,0,0,0,0,0
G0252,16,1,0,6,0,0,2,691,0,0,0,1,1,0,0,0,0,0,2,0,0,0
D0253,1,0,2,6,0,49,1,1,0,0,0,0,0,0,0,0,0,1,0,1,1,0
S0254,0,1,0,0,0,0,1,1,1,1,1,0,0,0,26,0,0,0,0,0,0,0
S0255,0,2,0,0,1,0,1,2,1,1,1,0,0,0,31,0,0,1,0,0,0,0
S0256,0,3,1,0,3,0,3,2,0,0,13,17,0,0,2,0,0,0,0,0,0,0
G0257,52,2,0,19,0,0,2,1,1,0,0,0,0,4,0,0,0,0,15,0,0,0
W0258,1,0,2,0,1,1,0,0,2,0,4,0,0,0,0,0,0,1,0,1,1,19
T0259,0,0,0,0,1,0,2,3,0,0,0,10,0,0,0,18,2,0,0,0,1,0
A0260,1,1,0,1,0,4,0,2,0,2,2,0,0,0,0,0,0,0,1,0,1,0
G0261,3,0,0,1,0,0,2,8,1,0,0,17,0,0,4,0,0,0,6,0,1,0
A0262,28,0,0,0,0,3,0,23,2,0,0,0,1,0,1,0,0,1,1,0,1,0
A0263,3,1,0,0,1,3,0,1,0,0,0,19,2,0,0,1,0,0,0,0,4,0
A0264,6,4,0,1,0,0,0,20,0,2,1,1,0,0,0,0,0,1,1,0,4,0
Y0265,17,1,0,4,0,0,0,0,1,0,3,0,0,0,0,1,1,5,0,0,4,0
Y0266,0,0,0,6,3,0,0,0,1,0,0,0,0,0,1,0,0,0,0,1,1,17
V0267,0,2,0,0,0,0,1,0,0,0,0,0,1,0,0,0,1,0,0,2,1,5
G0268,4,0,0,4,0,0,0,18,5,0,0,0,0,0,0,1,1,0,1,0,0,5
Y0269,1,0,0,0,0,0,4,0,1,0,0,0,0,1,4,0,0,0,0,0,0,2
L0270,4,1,1,0,0,0,0,5,3,0,0,17,0,0,2,0,0,1,0,0,0,2
Q0271,4,0,17,0,0,0,0,0,0,0,2,0,0,0,0,3,5,1,0,1,0,5
P0272,7,0,0,0,0,0,0,1,0,0,17,0,0,0,4,0,0,1,0,0,0,0
R0273,0,1,0,1,0,1,0,2,0,0,0,2,1,0,0,2,0,0,1,5,0,0
T0274,0,0,0,17,0,1,5,6,0,0,0,0,0,0,0,0,0,0,0,0,0,0
F0275,2,0,0,0,0,0,0,1,0,0,2,1,0,0,0,0,0,17,0,0,0,0
L0276,5,0,0,0,2,0,0,1,0,1,0,0,0,0,0,0,0,0,1,0,0,0
L0277,1,1,0,0,2,0,0,3,0,1,0,5,0,0,0,0,0,0,0,0,0,0
K0278,1,5,0,19,0,5,0,0,0,0,1,0,0,0,0,0,1,0,1,3,0,0
Y0279,2,0,0,0,0,0,1,0,6,0,2,0,0,0,0,0,0,1,0,0,0,17
N0280,0,1,0,0,0,2,0,0,2,0,0,0,0,0,1,3,0,2,0,0,0,0
E0281,0,1,2,0,0,3,2,1,0,0,0,0,0,0,0,18,1,0,5,0,0,0
N0282,2,0,5,0,0,0,0,1,1,0,1,1,0,0,0,2,0,2,0,0,0,0
G0283,0,2,17,0,3,0,2,1,0,1,0,0,0,0,0,6,3,0,0,1,0,0
T0284,5,0,0,1,0,0,2,3,0,0,1,8,0,0,17,0,1,0,0,0,0,0
I0285,1,1,0,5,0,0,0,4,0,1,1,0,2,0,2,0,0,0,0,0,0,0
T0286,7,0,0,0,0,1,0,1,2,0,0,1,3,0,0,1,0,0,0,0,0,0
D0287,0,0,2,5,0,1,1,4,2,0,0,0,0,0,0,0,0,1,0,1,0,0
A0288,1,2,0,1,0,1,0,5,0,1,0,0,0,0,3,0,0,0,0,0,2,0
V0289,4,2,1,2,0,2,2,0,0,0,3,19,0,0,0,0,0,0,0,1,0,0
D0290,0,3,4,0,1,4,2,0,0,0,0,0,0,0,0,1,0,0,0,0,0,0
C0291,8,0,3,3,0,0,0,0,0,0,17,0,0,1,0,1,0,0,0,0,1,1
A0292,4,3,0,0,1,0,0,4,0,0,22,1,0,0,1,0,0,0,0,0,0,0
L0293,3,0,0,2,0,0,1,3,0,2,0,1,0,0,6,0,0,1,0,0,0,0
D0294,0,1,1,1,1,3,1,1,0,0,0,0,0,0,0,1,0,0,0,3,0,0
P0295,1,0,3,0,0,0,5,0,1,0,2,0,0,0,8,0,0,0,17,0,0,0
L0296,1,0,0,0,0,0,1,5,0,7,0,0,0,0,19,0,0,1,0,0,0,1
S0297,0,1,0,0,0,0,0,17,0,1,14,0,0,0,1,0,0,0,0,0,0,1
E0298,2,0,1,0,1,1,1,1,0,0,1,0,0,0,1,6,2,1,1,0,0,0
T0299,1,0,0,0,0,0,3,3,0,0,5,1,1,0,0,0,1,0,0,0,0,0
K0300,0,0,0,3,1,1,1,0,0,0,0,1,1,0,0,0,6,0,3,0,0,1
C0301,1,0,0,1,0,6,0,0,0,0,1,0,0,0,1,0,0,1,0,0,0,19
T0302,1,0,1,0,0,0,0,0,0,0,17,4,4,0,0,0,2,0,0,1,0,0
L0303,2,0,0,0,2,0,3,1,0,0,0,0,0,2,2,0,0,0,1,0,0,2
K0304,0,1,2,0,2,0,0,3,1,0,0,19,4,0,0,0,1,0,0,0,0,1
S0305,0,3,0,0,0,0,2,0,20,0,5,0,3,0,1,0,0,0,1,0,0,0
F0306,3,1,4,0,0,1,0,0,1,0,3,4,0,0,0,0,0,0,0,0,0,0
T0307,1,0,0,1,0,18,0,1,0,2,5,2,0,0,2,1,0,0,0,0,0,0
V0308,0,3,0,0,0,3,1,0,0,0,3,1,0,0,1,3,2,0,0,0,0,0
E0309,0,0,0,5,0,3,0,1,0,0,0,0,0,0,0,24,2,0,0,0,0,0
K0310,0,0,0,3,0,4,0,2,0,0,0,3,18,1,0,0,3,0,0,1,0,1
G0311,0,1,0,0,6,0,18,0,0,0,3,0,0,0,0,1,3,0,0,4,0,1
I0312,1,1,0,1,0,0,1,2,0,0,1,0,19,0,2,0,1,0,0,0,0,0
Y0313,0,0,0,6,1,0,0,0,1,0,2,0,0,1,1,0,0,3,0,0,0,20
Q0314,0,0,1,0,0,0,0,0,0,0,3,2,0,0,1,19,2,0,2,0,1,4
T0315,1,0,1,1,0,1,0,2,0,1,0,4,2,0,0,0,0,18,1,0,1,1
S0316,0,0,5,0,0,0,1,1,2,0,2,1,0,0,22,0,0,0,0,0,0,0
N0317,3,18,1,0,0,0,1,0,0,0,1,1,0,0,0,2,0,2,4,1,0,0
F0318,1,0,0,0,0,1,0,2,0,2,20,1,0,0,0,0,0,0,1,0,0,3
R0319,1,18,0,1,0,1,0,1,0,2,0,2,0,2,0,2,0,0,0,0,0,0
V0320,1,1,0,1,0,1,1,0,0,0,4,18,0,0,0,0,0,0,0,0,0,0
Q0321,0,0,4,0,0,1,0,0,0,0,1,0,0,1,0,4,0,0,0,0,0,20
P0322,19,5,0,0,2,0,0,0,0,0,3,0,0,1,0,3,1,1,1,0,0,0
T0323,4,0,0,0,0,0,1,0,0,0,0,2,2,0,0,1,3,0,0,1,0,0
E0324,0,0,0,1,1,2,0,0,0,0,0,0,1,3,0,2,1,0,0,0,0,1
S0325,0,3,0,0,0,0,2,0,0,3,3,0,0,0,4,0,0,0,0,0,0,0
I0326,0,1,0,0,0,3,3,1,0,0,2,0,1,0,0,0,0,0,0,0,0,0
V0327,1,0,1,1,0,0,0,0,0,0,4,1,0,0,0,0,0,0,0,0,0,1
R0328,1,0,0,2,0,2,3,0,0,0,0,1,3,0,0,3,0,0,0,0,0,1
F0329,3,0,0,0,0,0,0,0,1,1,2,0,6,0,0,0,0,0,1,0,0,0
P0330,1,0,0,0,1,0,0,1,0,0,7,0,0,0,2,0,0,1,0,0,0,0
N0331,1,0,0,0,0,0,0,0,0,0,1,3,0,0,0,0,2,0,1,0,0,0
I0332,0,1,0,0,0,0,0,4,0,0,1,0,0,0,2,0,0,0,2,0,0,0
T0333,0,0,0,1,0,0,1,0,0,0,1,2,5,0,0,1,3,0,0,0,0,0
N0334,3,2,0,0,0,1,1,0,0,0,0,2,0,0,0,3,0,0,0,0,0,0
L0335,3,0,0,0,0,0,0,4,0,0,0,0,1,0,0,0,0,0,0,0,0,0
C0336,3,1,0,0,1,0,0,0,0,0,1,0,0,1,1,0,0,0,0,0,0,3
P0337,3,0,0,0,0,0,0,2,0,0,5,0,0,0,0,0,0,0,0,0,0,0
F0338,3,0,1,0,0,0,0,1,0,0,4,0,0,0,0,0,0,2,0,0,0,1
G0339,4,0,0,3,0,0,1,1,0,0,1,0,0,1,0,1,0,1015,1010,0,0,0
E0340,0,1,0,0,1,3,0,1,0,0,1,0,0,0,0,3,0,0,0,0,1,0
V0341,0,0,0,0,0,2,1,0,0,0,0,1,4,0,0,0,0,0,0,0,1,0
F0342,1,3,0,0,0,0,0,0,2,0,0,0,4,0,0,0,0,1,1,0,0,0
N0343,0,0,0,0,0,1,1,0,1,0,0,3,0,0,0,1,0,1,0,0,0,0
A0344,0,1,1,0,0,1,0,8,0,0,0,0,0,0,0,0,0,0,0,0,0,0
T0345,0,0,0,2,0,0,4,2,0,0,0,0,0,0,0,0,0,0,2,0,0,0
R0346,6,1599,0,0,1,1,2,0,0,0,0,4,1,0,0,3,0,0,0,1,0,0
F0347,2,1,4,0,0,0,1,0,0,1,6,0,0,0,0,0,0,0,0,0,0,0
A0348,3,9,0,0,0,1,0,0,0,1,1,0,0,0,0,0,0,0,1,1,0,3
S0349,0,1,0,1,0,0,1,0,3,2,1,0,0,1,0,0,0,0,0,0,0,0
V0350,0,1,1,1,0,0,1,0,0,0,1,0,0,0,0,0,0,0,0,1,0,0
Y0351,1,0,0,3,0,0,0,0,2,0,0,0,0,0,4,0,0,0,0,0,0,3
A0352,6,2,0,2,0,0,0,1,1,0,0,3,0,0,0,0,0,0,0,0,0,0
W0353,0,0,4,0,3,0,0,0,0,0,0,0,0,0,0,0,0,0,1,0,0,5
N0354,1,1,0,0,1,0,0,1,0,0,0,0,0,0,0,0,0,1,1,0,0,0
R0355,0,0,0,3,3,1,1,0,0,0,1,1,1,0,0,0,0,0,0,0,0,0
K0356,1,36,0,4,0,0,0,0,0,0,0,0,4,0,0,0,1,0,0,0,0,0
R0357,4,0,0,0,0,0,0,0,0,0,0,0,0,0,0,0,0,0,0,1,0,1
I0358,0,1,0,1,0,0,0,5,0,0,0,0,1,0,0,0,0,0,0,0,0,0
S0359,0,0,1,1,0,0,0,1,3,0,0,6,0,0,0,1,0,0,0,0,0,0
N0360,1,1,0,0,0,0,0,0,1,0,0,0,0,0,0,1,0,6,0,0,0,0
C0361,0,0,2,0,1,1,0,0,0,0,0,0,0,1,3,0,0,0,0,0,0,0
V0362,0,1,0,0,0,6,0,0,0,0,2,0,1,0,1,0,0,0,1,0,0,0
A0363,0,0,0,1,0,0,0,7,0,0,0,0,0,0,0,0,0,0,2,0,0,0
D0364,1,1,3,0,0,4,0,1,0,0,0,0,0,0,0,0,0,0,0,0,0,0
Y0365,0,0,0,0,1,2,0,0,0,0,0,0,0,0,0,0,1,1,0,0,0,0
S0366,0,1,3,1,0,0,0,0,0,2,0,0,0,0,1,0,0,0,0,0,0,0
V0367,0,0,0,0,0,0,0,0,0,0,1,2,1,0,0,0,0,0,5,0,0,0
L0368,0,1,1,0,0,0,0,0,0,0,0,945,2,2,0,0,0,0,0,0,0,0
Y0369,1,0,0,5,1,1,0,0,0,0,0,0,0,0,1,0,0,3,0,0,0,0
N0370,1,1,0,0,0,0,0,0,0,0,0,0,0,0,0,0,0,0,6,0,0,0
S0371,0,0,0,0,0,0,2,1,0,0,1,0,0,0,2018,0,0,0,0,0,0,0
A0372,0,3,0,0,0,1,0,6,0,0,1,0,0,0,0,1,0,0,0,0,0,1
S0373,0,1,0,0,0,0,0,2,0,2044,2,0,0,2,0,0,1,0,0,1,0,1
F0374,0,0,0,0,0,0,2,1,0,0,2,1,0,0,0,0,0,0,2,0,0,0
S0375,0,0,2,0,1,0,0,0,0,0,3,0,0,0,2046,0,1,1,0,0,0,0
T0376,1,0,0,0,0,0,2048,0,0,0,0,0,1,0,3,0,0,0,0,0,0,0
F0377,0,1,0,0,1,0,0,0,0,1,1,1,0,0,0,0,0,0,0,0,0,0
K0378,0,2,0,1,0,0,0,0,0,0,0,3,0,0,0,0,0,1,0,0,0,3
C0379,1,0,3,0,0,0,0,1,0,0,0,1,0,0,0,0,2,0,0,0,0,4
Y0380,1,0,0,0,0,0,0,0,2,0,0,0,0,0,3,0,0,3,1,0,0,1
G0381,0,0,0,0,2,0,1,2,0,0,0,0,0,0,0,1,0,0,2,2,0,0
V0382,0,2,1,1,0,0,1,0,0,0,1,0,0,0,0,2,2,0,0,2,0,0
S0383,0,1,0,1,0,1,0,1,0,2,1,0,0,0,4,0,0,0,0,0,0,0
P0384,0,2,0,0,0,1,0,0,0,0,2,0,0,0,3,0,0,0,0,0,0,0
T0385,1,0,0,0,0,0,1,0,0,1,4,0,0,0,1,0,0,0,0,0,0,0
K0386,0,0,0,1,0,0,0,0,0,0,0,0,1,0,0,0,0,0,0,1,0,1
L0387,0,0,0,0,0,0,0,3,0,0,0,0,0,0,1,0,1,0,0,2,0,0
N0388,0,0,0,0,0,0,0,0,0,0,1,0,0,0,1,1,0,0,0,1,0,0
D0389,0,1,1,0,0,2,1,0,0,0,0,0,0,0,0,0,0,0,0,0,0,0
L0390,2,0,0,0,0,1,0,0,1,2,0,0,3,0,1,0,0,0,0,0,0,0
C0391,1,0,1,0,0,0,0,1,0,0,1,4,0,0,2,0,1,1,0,0,0,0
F0392,2,0,1,0,0,0,1,2,0,2,3,0,0,0,0,0,0,0,0,0,0,0
T0393,3,0,0,0,0,0,0,1,0,0,0,2,0,0,1,0,1,0,0,0,0,0
N0394,0,0,2,0,0,1,1,0,0,0,3,1,0,0,0,1,0,1,1,0,0,0
V0395,1,0,0,1,0,1,0,0,0,0,3,0,0,0,0,0,0,0,1,1,0,0
Y0396,5,0,0,4,0,0,0,0,0,0,0,0,0,0,0,0,0,1,0,0,0,0
A0397,0,2,0,0,0,0,0,0,0,0,0,1,0,0,0,4,0,0,0,0,0,0
D0398,0,0,0,1,0,5,0,0,0,0,0,2,0,0,1,1,0,0,0,2,0,0
S0399,0,0,0,0,0,0,2,0,0,1,4,0,0,0,0,0,3,0,0,0,0,1
F0400,1,1,0,1,0,0,0,0,2,1,4,0,1,0,0,0,0,0,0,0,0,0
V0401,0,0,0,0,0,0,0,0,0,1,3,4,1,0,2,0,0,0,1,0,0,0
I0402,0,0,0,0,0,0,2,0,0,0,3,0,0,0,0,1,0,0,0,0,0,0
R0403,0,0,0,0,1,2,0,0,0,0,0,0,1,1,0,1,0,0,0,0,0,0
G0404,2,0,1,1,0,0,1,0,3,0,0,0,0,0,0,0,0,0,0,2,0,0
D0405,0,0,1,2097,0,1,0,1,0,0,0,1,0,0,0,1,0,0,0,0,0,0
E0406,0,0,2,0,0,1,0,1,0,0,0,1,0,0,0,3,0,0,2,0,0,0
V0407,0,2,0,0,0,1,1,0,0,0,3,0,0,0,1,0,0,0,0,0,0,0
R0408,1970,0,0,0,0,0,0,0,0,0,0,1,1,0,0,2,0,0,0,0,0,0
Q0409,1,0,0,0,0,0,0,0,0,0,2,0,0,0,0,0,1,1,0,0,0,0
I0410,0,4,0,0,0,0,1,1,1,0,0,0,0,0,1,0,0,0,0,0,0,0
A0411,5,4,0,0,0,0,0,1,0,0,2,0,0,0,1,0,0,0,0,0,0,0
P0412,2,0,0,0,1,0,1,0,0,0,2,0,0,0,0,0,0,0,0,0,0,0
G0413,0,0,0,0,0,0,0,0,0,0,1,0,1,0,0,4,0,0,0,0,0,1
Q0414,1,0,0,0,0,0,0,0,1,1,1,0,1,0,0,1,0,0,0,0,0,0
T0415,2,0,0,1,0,1,0,1,0,0,0,0,0,0,0,0,1,0,0,0,1,0
G0416,0,1,0,1,0,0,1,1,0,0,0,0,0,0,1,1,0,0,0,3,1,0
K0417,0,1,0,1980,4,0,1,1,0,1,0,0,0,0,0,0,0,0,0,0,0,0
I0418,0,0,0,1,0,1,0,2,0,0,0,0,1,0,1,0,0,0,0,0,0,0
A0419,0,1,0,0,0,0,0,3,0,0,1,1,0,0,0,0,0,0,3,0,0,0
D0420,1,1,0,1,0,2,0,0,0,0,0,2,0,0,0,1,0,0,0,0,0,0
Y0421,1,0,0,0,0,0,0,0,1,0,0,0,0,0,1,0,0,2,0,0,0,1
N0422,0,1,1,0,0,0,0,1,0,0,0,1,0,0,0,1,0,0,0,0,0,0
Y0423,0,0,0,0,0,0,0,0,0,0,0,0,0,0,2,0,0,1,2,0,0,0
K0424,1,0,0,2,0,0,1,0,0,1,0,2,0,0,0,0,1,0,0,2,0,0
L0425,2,0,0,0,0,0,0,0,0,0,0,0,0,0,2,0,0,0,0,0,0,0
P0426,0,0,0,0,0,1,0,0,0,0,4,1,0,0,0,0,0,0,0,0,0,3
D0427,0,1,3,0,0,0,0,0,0,0,1,0,0,0,1,2,0,1,0,0,0,0
D0428,0,0,0,2,0,1,0,2,0,0,0,0,0,0,0,0,0,0,0,0,0,0
F0429,0,0,0,0,0,0,0,0,0,1,3,0,1,1,0,0,0,0,0,0,0,0
T0430,0,0,0,0,0,0,1,1,0,0,0,3,0,0,0,0,1,0,0,0,0,0
G0431,0,1,0,0,0,0,0,0,0,0,0,0,0,1,1,1,0,0,1,0,0,0
C0432,2,0,0,0,0,0,0,0,0,1,2,0,0,0,0,0,2,0,0,0,0,0
V0433,0,1,1,1,0,0,0,0,0,0,2,1,0,0,1,0,0,0,0,0,0,0
I0434,0,0,1,0,0,0,0,4,0,0,1,0,0,0,0,0,0,0,0,0,0,0
A0435,0,1,0,0,0,0,0,1,0,0,0,2,0,0,0,1,0,0,1,0,0,0
W0436,1,0,1,0,0,0,0,0,0,0,0,0,0,0,0,0,2,0,0,0,1,1
N0437,1,0,1,0,0,0,0,0,0,0,0,0,0,0,1,0,0,1,5,0,0,0
S0438,0,0,0,0,0,0,0,0,0,0,2,0,0,0,3,0,0,1,0,0,0,0
N0439,3,0,0,0,0,0,1,0,0,0,1,0,0,0,0,1,0,0,1,0,0,0
N0440,0,0,0,0,0,0,0,0,1,0,0,1,1,0,0,1986,0,1,3,1,0,0
L0441,1,0,1,0,0,1,0,3,0,1,0,0,0,0,1,0,0,1,0,0,0,0
D0442,0,0,0,2,0,0,1,3,0,0,2,0,0,0,0,0,0,0,0,0,0,0
S0443,0,1,0,0,1,0,0,2,2,0,0,0,0,0,1,0,0,0,0,0,0,0
K0444,0,859,0,16,0,1,0,0,0,0,0,0,10,0,0,0,17,0,2,1,0,1
V0445,0,2,1,0,0,0,38,0,0,934,1,0,0,0,1,0,0,0,0,0,0,0
G0446,999,0,1,1,0,0,1,0,1,0,0,1,0,0,0,0,0,0,2,0,0,0
G0447,0,0,0,0,0,0,0,0,1,0,0,0,0,0,0,0,1,0,3,0,0,0
N0448,1,1,1,0,0,2,1,1,0,0,0,0,0,0,0,0,0,0,2,0,0,0
Y0449,0,0,0,0,0,0,0,2,1,0,0,0,0,0,3,1,0,0,1,0,0,0
N0450,0,0,3,0,0,0,0,0,0,0,0,0,0,0,0,1,0,1,25,0,0,0
Y0451,0,0,0,1,0,0,0,0,2,0,0,0,0,0,0,0,0,1,1,0,0,0
L0452,0,1,0,0,1,0,0,2,0,2,0,0,11,0,1,0,1011,0,0,0,0,0
Y0453,0,0,0,1,0,0,0,1,1,0,1,0,0,0,1,0,0,0,2,0,0,1
R0454,1,1,0,0,0,1,0,0,0,0,0,1,0,0,0,2,0,0,0,0,0,2
L0455,2,0,0,0,0,0,0,2,0,0,0,1,0,0,1,0,0,0,0,0,0,1
F0456,0,0,0,0,0,0,0,0,1,0,4,0,0,0,0,0,0,1,0,0,0,1
R0457,0,0,0,0,0,1,0,0,0,0,0,2,1,0,0,3,0,0,0,1,0,0
K0458,0,0,0,1,0,1,0,0,0,0,0,0,0,0,0,0,2,0,0,0,0,0
S0459,0,0,0,0,0,0,1,0,0,1,0,0,0,0,5,0,0,0,0,0,0,0
N0460,0,1,1,0,0,0,0,0,0,0,0,0,0,0,0,1864,0,1,2,0,0,0
L0461,0,0,0,0,0,2,3,2,0,0,0,0,0,0,1,0,0,0,0,0,0,0
K0462,0,1,0,2,0,0,0,1,0,0,3,0,1,0,0,0,0,0,0,0,0,0
P0463,1,0,1,0,0,0,2,0,0,0,3,0,0,0,1,0,0,0,0,0,0,0
F0464,1,1,0,0,0,0,0,0,1,0,3,0,0,0,0,0,0,0,0,0,0,0
E0465,0,0,0,3,0,1,0,0,0,0,0,0,0,0,0,0,0,0,2,0,0,2
R0466,0,0,0,0,2,1,0,0,0,0,0,0,0,0,0,1,0,0,3,0,0,0
D0467,1,0,0,1,0,2,2,0,0,0,0,0,0,0,0,2,0,0,0,0,0,0
I0468,0,1,0,0,0,0,0,3,0,0,0,0,0,0,0,0,0,0,0,0,0,0
S0469,0,0,1,0,0,0,0,0,0,1,0,0,0,0,0,0,0,0,0,0,0,0
T0470,0,0,0,0,0,0,0,0,0,1,0,0,1,0,1,0,0,0,0,0,0,0
E0471,0,0,1,0,0,0,0,3,0,0,0,0,0,0,0,0,0,0,0,0,0,1
I0472,0,2,0,0,0,0,0,1,0,0,0,0,2,0,1,1,0,0,0,0,0,0
Y0473,0,0,0,1,0,0,0,0,0,0,0,0,0,0,3,0,0,0,0,0,0,1
Q0474,0,0,0,0,0,0,0,0,0,0,2,0,0,1,0,0,0,0,1,1,0,0
A0475,0,1,0,0,0,0,0,0,0,0,0,1,0,0,1,0,0,0,0,0,0,0
G0476,0,1,0,1,0,0,0,0,0,0,0,0,1,0,0,0,2,0,0,0,0,0
S0477,0,0,1,2173,0,2,0,0,0,0,0,0,0,0,0,0,0,0,2,0,0,0
T0478,0,0,0,0,0,0,0,0,0,0,0,4,0,0,0,2134,35,0,0,2,0,0
P0479,1,0,0,0,0,0,0,2,0,0,1,0,0,0,1,0,0,0,0,0,0,0
C0480,0,0,1,0,0,1,0,1,0,0,0,0,0,0,2,0,0,1,0,0,0,0
N0481,1,0,0,0,0,0,0,0,0,0,0,0,2,0,0,3,0,0,4,0,0,0
G0482,0,0,0,0,0,0,1,0,2,0,0,0,0,0,0,0,0,0,0,0,0,0
V0483,0,0,0,0,0,0,0,0,0,0,0,0,0,0,0,0,0,0,0,0,0,0
E0484,0,0,0,0,0,1,2159,3,0,1,0,0,0,0,0,0,9,0,0,0,0,1
G0485,1,0,2,0,0,0,1,0,0,0,0,0,0,0,0,0,0,0,1,0,0,0
F0486,138,0,0,0,0,0,9,1068,1,910,1,2,0,0,0,0,0,0,0,0,0,0
N0487,0,0,1,0,0,0,0,2,0,0,0,0,0,0,0,0,0,0,0,0,0,0
C0488,0,0,1,0,0,0,0,0,0,0,2,0,0,0,0,0,2,0,0,0,0,0
Y0489,1,1,0,0,0,0,0,0,1,0,0,0,0,0,0,0,0,0,0,0,0,0
F0490,1057,0,0,0,0,0,0,3,0,1,1,1,1,0,0,0,0,0,0,0,0,0
P0491,1,0,0,0,0,0,1,0,2,0,2,0,0,0,0,0,0,0,0,0,0,0
L0492,0,0,0,0,0,0,0,0,0,0,0,0,0,0,1,0,0,0,0,0,0,0
Q0493,0,0,0,0,0,0,0,0,0,0,0,0,0,0,0,0,1,0,1,0,0,2
S0494,0,0,0,0,0,0,0,0,0,2,4,0,0,0,0,0,0,0,0,0,0,0
Y0495,0,0,0,0,0,0,0,0,1,0,2,0,0,0,1,0,0,0,0,0,0,0
G0496,2,0,0,0,0,0,0,0,1,0,0,0,0,0,0,1,0,1,0,0,0,0
F0497,0,0,0,0,0,0,0,0,0,0,0,1,0,0,0,0,0,0,0,0,0,0
Q0498,0,0,0,1,0,0,0,0,0,0,0,0,0,1,0,0,2179,0,0,0,0,3
P0499,0,1,0,0,0,1,0,0,0,0,0,1,0,0,0,0,0,0,0,0,0,0
T0500,0,0,0,0,0,0,0,0,0,0,0,1,0,0,0,2,0,0,0,0,0,0
N0501,2,1,2181,0,0,0,0,0,0,0,0,0,0,0,0,0,0,0,0,0,0,0
G0502,0,0,0,0,0,0,0,0,1,0,1,0,0,0,0,0,0,0,0,0,0,0
V0503,0,0,0,0,0,0,0,0,0,0,0,0,0,0,0,0,0,0,0,0,0,0
G0504,0,0,0,0,0,0,0,0,3,0,0,0,0,0,0,0,0,0,0,0,0,0
Y0505,0,0,0,0,0,2,0,0,2,0,0,0,0,0,0,0,0,2181,0,0,0,0
Q0506,0,0,0,0,0,0,0,0,0,0,0,0,0,0,0,2,0,0,0,0,0,2
P0507,0,0,0,0,0,0,0,0,0,0,1,0,0,0,0,0,0,0,0,0,0,0
Y0508,0,0,0,0,0,0,0,0,4,0,0,0,0,0,0,0,0,0,0,0,0,0
R0509,0,0,2,0,0,0,0,0,0,0,1,1,0,0,0,1,0,0,0,0,0,0
V0510,0,0,0,0,0,1,2,0,0,0,0,0,0,0,0,1,0,0,0,0,0,0
V0511,0,0,0,0,0,1,3,0,0,0,0,0,0,0,0,0,0,0,0,0,0,0
V0512,0,1,0,0,0,0,0,0,0,0,2,0,1,0,0,0,0,0,0,0,0,0
L0513,1,0,0,0,0,0,0,1,0,0,0,0,0,0,0,0,2,0,0,0,0,0
S0514,0,0,1,0,1,0,2,0,0,0,0,0,0,0,3,0,0,0,0,0,0,0
F0515,1,0,1,0,0,0,0,1,0,0,0,0,0,0,0,0,0,0,0,0,0,0
E0516,0,0,0,0,2,0,0,0,1,0,1,0,0,0,0,1,0,0,0,0,0,0
L0517,0,0,0,0,0,0,0,0,0,0,0,0,1,0,0,1,0,0,0,0,0,2
L0518,5,0,0,0,0,0,0,0,0,0,0,0,0,0,0,0,0,0,0,0,0,0
H0519,0,0,0,0,0,0,0,0,0,0,0,0,0,0,0,0,0,0,1,0,0,1
A0520,0,1,0,0,0,0,0,0,0,0,2,0,0,0,0,1,0,0,0,0,0,0
P0521,8,1,0,0,0,0,0,0,0,0,2,0,0,0,0,0,0,0,0,0,0,1
A0522,0,3,0,0,0,0,0,1,0,1,0,0,0,0,0,0,0,0,0,0,0,0
T0523,1,0,0,0,0,0,0,1,0,0,0,3,0,0,0,0,0,0,0,0,0,0
V0524,1,0,0,0,0,0,2,0,0,0,0,0,0,0,1,0,0,0,0,0,0,0
C0525,0,0,0,0,0,0,0,0,0,0,0,0,0,0,3,0,0,0,0,0,0,0
G0526,0,0,0,0,2,0,0,0,0,1,0,0,0,0,0,0,0,0,0,1,0,0
P0527,0,2,0,0,0,0,0,0,0,0,2,0,0,0,1,0,0,0,0,0,0,0
K0528,0,0,0,1,0,1,0,2,0,0,0,0,0,0,0,0,0,0,0,0,0,0
K0529,0,0,0,0,1,0,0,1,0,0,0,0,0,0,0,0,0,0,0,0,0,0
S0530,0,0,0,0,0,0,0,1,0,2,1,0,0,0,0,0,0,0,0,0,0,0
T0531,1,0,0,0,0,2,0,0,0,0,0,0,1,0,1,0,0,0,0,0,0,0
N0532,1,0,1,0,0,1,0,0,0,0,0,0,0,0,0,0,0,0,0,0,0,0
L0533,0,0,0,0,0,0,0,0,0,0,0,0,0,0,2,0,0,0,0,0,0,0
V0534,0,0,1,2,0,0,2,0,0,0,0,1,0,0,0,0,0,0,0,0,0,0
K0535,0,0,0,0,0,0,0,0,0,0,0,0,0,0,0,0,0,0,0,0,0,0
N0536,1,0,0,0,0,0,0,0,0,0,0,0,0,0,0,0,0,0,3,0,0,0
K0537,0,1,0,1,0,0,0,0,0,0,0,0,0,0,2,0,0,0,0,1,0,0
C0538,0,0,2,0,0,0,0,0,0,0,1,0,0,0,1,0,0,0,0,0,0,0
V0539,0,1,0,0,0,0,0,0,0,0,0,0,0,0,0,0,0,0,3,0,0,0
N0540,2,0,0,0,0,0,0,0,0,0,0,0,0,0,2,0,0,0,0,0,0,0
F0541,0,0,2,0,0,0,2,0,1,0,0,0,0,0,0,0,0,0,0,0,0,0
N0542,1,0,0,0,0,0,0,2,0,0,0,0,0,0,0,0,0,0,1,0,0,0
F0543,2,0,0,0,0,0,0,0,0,1,1,0,0,0,0,0,0,0,0,0,0,0
N0544,0,0,0,0,0,0,0,0,0,0,0,0,0,0,0,2,1,0,0,0,0,0
G0545,0,0,0,0,0,0,0,2,0,0,0,0,0,0,0,0,0,0,1,0,0,0
L0546,1,0,0,0,0,0,0,0,0,0,0,0,0,1,2,0,0,0,0,0,0,1
T0547,1,0,0,0,0,0,0,0,0,0,0,4,0,0,2,6,0,0,0,0,0,0
G0548,0,0,1,1,0,0,0,0,0,0,0,0,0,0,0,2,0,0,0,0,0,0
T0549,0,0,0,0,0,0,2,0,0,0,0,0,1,0,0,0,0,0,0,2,0,0
G0550,0,0,0,0,0,0,1,1,0,0,0,0,0,0,0,0,0,0,0,0,0,0
V0551,2,0,0,0,0,0,0,0,0,0,0,0,0,0,1,0,0,0,1,0,0,0
L0552,2,0,1,0,0,0,1,0,0,0,0,3,0,0,0,0,0,0,0,0,0,0
T0553,0,0,0,0,0,0,0,2,0,1,0,1,0,0,0,0,0,0,0,0,0,0
E0554,0,0,0,0,1,0,0,1,0,0,1,0,0,0,0,4,0,0,1,0,0,0
S0555,0,0,1,0,0,0,1,0,0,0,0,0,0,0,0,0,0,0,0,0,0,0
N0556,0,0,0,0,0,0,0,0,0,0,0,0,0,0,0,0,0,0,0,0,0,0
K0557,0,1,0,0,0,0,0,0,0,0,0,0,0,0,0,0,0,0,0,0,0,0
K0558,0,2,0,1,0,0,0,0,0,0,0,0,0,0,0,0,1,0,0,0,0,1
F0559,0,0,0,0,0,0,0,0,1,0,4,0,0,0,0,0,0,0,0,0,0,0
L0560,1,0,0,0,0,0,0,0,0,0,0,0,1,0,0,1,0,0,0,0,0,0
P0561,0,1,0,0,0,0,0,0,0,0,3,0,0,0,0,0,0,1,0,0,0,0
F0562,0,0,0,0,0,0,0,0,2,0,1,0,0,0,0,0,0,0,0,0,0,1
Q0563,2,0,0,0,0,0,0,0,0,0,0,0,0,0,0,0,0,0,0,0,0,1
Q0564,1,0,0,0,0,2,0,0,0,0,0,0,0,0,0,0,0,0,0,0,0,1
F0565,0,0,1,0,0,0,0,1,0,0,0,0,0,0,0,0,0,0,0,0,0,0
G0566,1,0,0,0,0,0,0,0,0,0,0,0,0,0,0,0,0,0,1,0,0,1
R0567,1,0,0,0,0,1,0,0,0,0,0,0,1,0,0,0,0,0,0,0,0,0
D0568,0,0,0,1,0,2,1,0,0,0,0,0,0,0,0,1,0,0,0,0,0,0
I0569,1,0,0,2,0,0,0,1,0,0,0,0,0,0,0,0,0,0,0,0,0,0
A0570,1,0,0,0,0,0,0,2,0,0,0,0,0,0,0,0,0,0,0,0,0,0
D0571,0,0,1,1,1,0,2,0,0,0,0,0,0,0,0,0,0,0,0,0,0,0
T0572,1,0,0,0,0,1,0,0,0,0,1,3,0,0,0,0,0,0,0,0,0,0
T0573,3,0,0,0,0,0,1,0,0,0,0,4,0,0,0,0,0,0,0,0,0,0
D0574,0,0,2,0,0,0,1,0,0,0,0,0,0,0,0,0,0,0,0,0,0,0
A0575,0,1,2,1,0,0,0,0,0,0,0,0,0,0,0,0,0,0,0,0,0,0
V0576,0,0,0,0,0,0,0,0,0,0,0,0,0,0,0,0,0,0,2,1,0,0
R0577,0,0,2,0,0,0,0,0,0,0,2,0,0,0,0,0,0,0,0,0,0,0
D0578,2,0,0,2,0,0,0,0,0,0,0,0,0,0,0,0,0,0,0,0,0,0
P0579,0,0,0,0,0,0,0,0,0,0,2,0,0,0,0,0,0,0,0,0,0,1
Q0580,0,0,0,0,0,0,0,0,0,2,0,0,0,0,0,0,0,0,0,0,0,0
T0581,0,0,0,0,0,0,0,0,0,0,0,0,2,0,0,0,1,0,0,0,0,0
L0582,2,0,0,0,0,0,0,2,0,0,0,1,0,0,0,0,0,0,0,0,0,0
E0583,0,0,0,0,0,0,1,0,2,0,0,0,0,0,0,0,0,0,4,0,0,0
I0584,0,0,0,0,0,0,2,3,0,0,0,0,0,0,0,0,0,0,0,0,0,0
L0585,0,0,0,0,0,1,2,2,0,0,0,0,0,0,0,0,0,0,0,0,0,0
D0586,0,0,0,0,0,2,0,0,0,0,0,0,0,0,0,1,0,0,0,0,0,0
I0587,0,2,0,0,0,0,0,0,0,1,0,0,0,0,0,2,0,0,0,0,0,0
T0588,0,0,2,0,0,0,0,0,0,0,0,0,0,0,0,0,1,0,0,0,0,0
P0589,0,0,0,0,2,0,0,0,0,0,0,0,0,0,2,0,0,0,0,0,0,0
C0590,0,2,1,0,0,0,0,0,0,0,0,0,0,0,0,0,0,0,2,0,0,0
S0591,0,0,0,0,0,0,2,1,2,0,0,0,0,0,0,0,0,0,0,0,0,0
F0592,0,0,2,0,0,0,0,0,2,0,0,0,0,0,0,0,0,0,0,0,0,0
G0593,0,3,0,0,0,0,0,0,0,0,0,0,0,0,0,0,0,0,2,0,0,0
G0594,0,0,0,0,0,0,0,0,0,0,0,0,0,0,0,0,0,0,3,0,0,0
V0595,0,0,1,0,0,2,0,0,0,0,0,0,0,0,0,0,0,0,2,0,0,0
S0596,0,0,0,2,0,0,0,0,2,0,0,0,0,0,0,0,1,0,0,0,0,0
V0597,0,0,0,0,0,0,2,0,0,0,0,2,0,0,0,0,0,0,0,0,0,0
I0598,0,5,0,0,0,0,0,0,0,0,0,0,0,0,0,0,0,0,0,0,0,0
T0599,2,0,0,0,0,0,0,0,0,0,0,0,0,0,0,1,0,0,0,0,0,0
P0600,2,0,0,0,2,0,0,0,0,0,0,0,0,0,0,0,0,0,0,0,0,1
G0601,1,2,0,0,0,0,0,0,0,0,0,0,0,0,0,0,0,0,0,0,0,0
T0602,0,0,0,0,0,0,0,0,0,0,0,0,0,0,0,0,2,0,0,0,0,0
N0603,0,0,0,0,0,0,0,0,0,0,0,0,0,0,0,0,0,0,0,0,0,4
T0604,0,0,0,0,0,0,0,2,0,0,0,0,0,0,0,0,0,0,0,0,0,0
S0605,0,0,0,2,0,0,0,0,2,0,1,0,0,0,0,0,0,0,0,0,0,0
N0606,0,2,0,0,2,0,0,0,0,0,0,0,0,0,0,1,0,0,0,0,0,0
Q0607,0,0,0,0,0,0,0,0,2,0,2,0,0,0,0,1,0,0,0,0,0,0
V0608,0,2,0,0,0,0,0,0,0,0,0,0,0,0,0,0,0,0,0,0,0,0
A0609,0,0,0,0,0,0,0,2,0,0,0,0,0,0,0,0,0,0,0,0,0,0
V0610,0,0,0,0,0,0,0,0,0,0,0,2,0,0,0,0,2,0,0,0,0,0
L0611,0,0,0,0,0,0,0,1,0,0,0,0,0,0,0,0,0,2,0,0,0,0
Y0612,0,0,0,0,0,0,0,0,0,0,2,0,0,0,0,0,0,0,0,0,0,0
Q0613,0,0,2,0,0,0,0,0,0,0,0,0,0,0,0,0,1,4,0,0,0,0
D0614,0,0,0,0,0,2182,0,0,0,0,0,0,0,0,0,0,0,0,0,0,0,0
V0615,0,2,0,0,0,0,0,0,0,0,2,1,0,0,0,0,0,0,0,0,0,0
N0616,0,0,0,0,0,0,0,0,0,0,0,0,0,0,0,5,0,0,0,0,0,0
C0617,0,0,0,0,0,0,0,0,0,0,0,0,0,2,0,0,2,0,0,0,0,0
T0618,0,0,0,2,0,0,3,0,0,0,0,0,0,0,0,1,0,0,0,0,0,0
E0619,0,0,0,0,16,0,0,2,0,0,0,0,0,0,0,1,2,0,0,0,0,0
V0620,0,0,0,0,0,0,0,0,0,0,1,2,0,0,2,0,0,0,0,0,0,0
P0621,8,0,0,0,0,0,1,0,0,0,1,0,0,0,0,0,0,4,0,0,0,0
V0622,0,2,0,0,0,2,1,0,0,0,0,0,0,0,0,0,0,0,0,0,1,0
A0623,0,2,1,1,0,0,0,0,0,0,0,2,0,0,0,0,0,0,0,0,0,0
I0624,0,3,0,0,0,0,0,0,0,0,0,0,0,0,0,0,0,0,0,0,0,0
H0625,0,0,2,0,2,0,0,0,0,0,0,0,0,0,0,0,0,0,0,0,0,0
A0626,0,2,0,0,0,0,0,1,0,0,0,0,2,0,0,0,0,0,0,0,0,0
D0627,1,0,0,2,0,0,0,0,0,0,0,0,0,0,0,0,0,0,0,2,0,0
Q0628,0,0,1,0,0,0,0,0,0,0,0,0,0,0,0,0,0,0,0,0,0,0
L0629,0,0,0,0,1,0,0,0,0,0,0,0,0,0,0,0,0,0,0,0,0,0
T0630,0,0,0,0,0,2,2,0,0,0,0,0,0,0,0,1,0,0,0,0,0,0
P0631,0,2,0,0,0,0,0,1,0,0,0,0,0,0,0,0,0,0,0,0,0,0
T0632,2,0,0,0,0,1,0,0,0,0,0,0,0,0,0,0,0,0,0,0,0,0
W0633,0,0,0,0,0,0,0,0,0,0,2,0,1,0,0,0,0,0,0,0,0,0
R0634,0,0,0,0,1,0,0,0,2,0,0,0,0,0,0,0,0,0,0,0,0,2
V0635,0,0,0,0,0,0,0,0,0,0,2,0,0,0,0,1,0,0,0,0,0,0
Y0636,0,0,0,0,0,0,0,0,2,0,0,0,0,0,0,0,0,0,0,0,0,0
S0637,0,0,0,0,0,0,0,0,0,2,0,0,0,0,0,0,0,0,0,0,0,0
T0638,0,0,0,0,0,0,0,0,0,0,0,2,0,0,0,2,0,0,0,0,0,0
G0639,0,0,0,0,0,0,0,0,0,0,0,0,0,0,0,0,0,0,2,0,0,0
S0640,0,0,0,0,0,0,0,0,0,2,0,0,0,0,0,0,0,0,0,0,0,0
N0641,0,0,0,0,0,0,0,0,0,0,0,0,0,0,0,6,1,0,0,0,1,0
V0642,0,0,0,0,0,0,0,0,0,0,0,2,0,0,0,0,0,0,1,0,1,0
F0643,0,0,2,0,0,0,0,0,0,0,0,2,0,0,0,0,0,1,0,0,0,0
Q0644,0,0,0,0,0,0,0,0,0,0,1,0,0,0,0,0,0,0,0,2,0,2
T0645,0,0,0,0,0,0,0,1,0,0,0,4,0,0,0,0,0,0,0,0,0,0
R0646,0,0,0,0,4,0,0,0,0,0,1,0,0,0,0,0,0,0,0,0,0,0
A0647,0,0,0,0,0,0,0,1,0,0,0,0,0,0,0,0,0,0,0,0,0,0
G0648,1,0,0,2,0,0,0,0,0,0,0,0,0,0,0,0,0,0,0,0,0,0
C0649,2,0,0,2,0,0,0,0,0,0,0,1,0,0,0,0,0,0,0,0,0,0
L0650,0,0,0,0,0,0,2,0,0,0,0,0,2,0,0,0,0,0,0,0,0,0
I0651,0,2,0,0,0,0,0,2,0,0,1,0,0,0,0,0,0,0,0,0,0,0
G0652,0,0,0,0,0,0,0,2,0,0,1,0,0,0,0,0,0,0,0,2,0,0
A0653,0,0,0,0,0,0,0,0,0,0,0,0,0,0,0,0,0,0,0,0,0,0
E0654,0,0,0,0,2,0,0,2,0,0,0,0,0,0,0,1,0,0,0,0,0,1
H0655,0,0,2174,0,0,0,0,0,0,0,0,0,0,0,0,0,1,0,2,0,0,0
V0656,0,0,0,0,0,0,2,0,0,0,0,0,0,0,0,0,0,0,0,0,0,0
N0657,0,0,1,0,0,0,2,0,0,0,0,0,0,0,0,2,0,0,0,0,0,0
N0658,4,0,0,0,0,0,0,0,0,0,0,0,0,0,0,2,0,0,0,0,0,0
S0659,0,0,0,0,0,0,2,0,0,0,3,0,0,0,0,0,0,0,0,0,0,0
Y0660,0,0,0,0,0,0,0,0,1,0,0,0,0,0,0,0,0,0,0,0,0,2
E0661,0,0,0,0,0,0,0,0,0,0,0,0,0,0,0,2,0,0,1,0,0,3
C0662,0,0,0,0,0,0,0,0,0,0,0,0,0,0,0,0,0,0,2,0,0,0
D0663,0,1,2,0,0,0,0,0,0,0,0,0,0,0,0,0,2,0,0,0,0,0
I0664,0,0,0,0,0,0,0,0,0,0,2,0,1,0,0,2,0,0,0,0,0,0
P0665,0,0,0,0,0,0,2,0,0,0,0,0,0,0,0,0,0,0,0,0,0,1
I0666,2,0,0,0,0,0,0,23,0,0,0,0,0,0,0,0,0,0,0,1,0,0
G0667,0,0,0,0,0,0,0,0,0,0,0,2,0,0,0,0,0,0,0,0,0,0
A0668,0,0,0,0,0,2,0,0,0,0,2,1,0,0,0,0,0,0,0,0,0,0
G0669,0,0,0,2,2,0,0,0,0,0,0,0,0,0,0,1,0,0,0,0,0,0
I0670,0,0,0,0,0,0,0,3,0,2,0,0,0,0,0,0,0,0,0,0,0,0
C0671,0,0,0,0,0,0,0,0,0,0,0,2,0,0,1,0,0,2,0,0,0,0
A0672,0,2,0,0,0,0,0,0,0,0,0,0,0,0,0,0,0,0,0,0,0,0
S0673,0,0,1,2,0,0,0,0,0,0,0,0,0,0,0,0,0,0,0,0,0,2
Y0674,0,0,0,2,0,0,0,0,2,0,0,0,0,0,0,0,1,0,0,0,0,0
Q0675,0,0,2,0,0,0,0,0,0,2,0,0,0,0,0,0,0,5,0,0,0,1
T0676,0,0,0,0,0,2,0,0,0,0,0,3,1,0,0,0,0,0,0,0,0,0
Q0677,0,0,0,0,0,0,0,0,0,0,2,0,0,2,0,0,0,2,0,0,0,1
T0678,0,0,0,0,0,0,0,0,0,0,0,5,0,0,0,0,0,0,0,0,0,1
N0679,0,0,0,0,0,0,0,0,2,0,0,0,0,0,0,2152,0,0,0,0,0,0
S0680,0,0,1,2,0,0,0,0,0,0,0,0,0,0,0,0,0,0,0,0,0,0
P0681,0,1,0,0,0,0,0,0,2,0,0,0,0,0,0,0,0,2150,0,0,0,0
R0682,2,0,0,0,0,0,0,0,0,0,2,0,0,1,0,0,0,0,0,0,0,0
R0683,0,0,0,0,2,0,0,2,1,0,0,0,0,0,0,0,0,0,0,0,0,0
A0684,1,2,0,0,0,0,0,9,0,0,0,0,0,0,0,0,0,0,0,0,0,0
R0685,0,0,0,0,0,0,0,0,1,0,0,0,0,0,0,0,0,2,0,0,0,0
S0686,0,0,0,0,0,0,0,2,0,0,0,0,0,0,0,0,3,0,0,0,0,0
V0687,0,0,0,0,0,0,0,0,0,0,1,0,0,0,0,0,0,0,0,0,0,0
A0688,0,0,0,0,0,0,0,12,0,0,0,0,0,0,1,0,0,0,0,0,0,0
S0689,0,0,0,0,0,0,0,0,4,0,0,0,0,0,0,0,0,0,0,0,0,0
Q0690,0,2,0,0,0,0,0,0,0,0,0,0,0,0,0,2,0,2,0,1,0,0
S0691,0,2,0,0,0,0,2,0,0,2,0,0,0,0,2,0,0,0,0,0,0,0
I0692,0,0,0,1,0,0,0,4,0,0,0,0,0,0,1,0,0,0,0,0,0,0
I0693,1,0,0,0,0,0,2,0,0,0,0,0,0,0,0,0,0,0,1,0,0,0
A0694,0,2,0,0,0,0,0,3,0,0,0,0,0,0,0,0,0,0,0,0,0,0
Y0695,0,0,0,1,0,0,0,0,0,0,0,0,0,0,0,0,0,1,1,0,0,2
T0696,1,0,1,0,0,0,0,0,0,0,0,2,0,0,0,0,0,0,0,0,0,0
M0697,0,0,0,0,0,0,0,0,0,0,0,0,0,0,0,0,0,0,0,0,0,0
S0698,0,0,0,0,0,0,0,0,0,0,1,0,0,0,0,0,0,0,0,0,0,2
L0699,0,0,0,1,0,0,0,0,0,0,0,0,0,0,1,0,0,0,0,0,0,0
G0700,0,0,0,2,1,0,1,0,1,0,0,0,0,0,0,0,0,0,0,0,0,0
A0701,0,1,0,0,0,0,0,3,0,0,0,0,0,0,0,0,0,0,0,1,0,0
E0702,0,0,0,0,2,0,1,0,0,0,0,0,0,0,0,0,0,0,0,0,0,1
N0703,0,0,0,0,0,0,0,1,0,1,0,2,0,0,0,0,0,0,1,0,0,0
S0704,0,0,0,0,0,0,0,0,0,3,5,1,0,0,0,0,0,0,0,0,0,0
V0705,0,3,0,0,0,0,0,0,0,0,0,1,0,0,0,0,0,0,0,0,0,0
A0706,0,2,0,0,0,0,0,0,0,0,0,0,0,0,0,0,0,0,0,0,1,0
Y0707,0,0,0,0,0,0,0,0,2,0,0,0,0,0,0,0,0,0,0,0,1,0
S0708,0,0,0,0,0,0,3,0,0,0,1,0,0,0,1,0,0,0,0,0,0,0
N0709,0,0,0,0,0,0,0,0,0,0,0,0,0,0,0,0,1,0,1,0,0,0
N0710,1,0,0,0,0,0,0,0,0,0,0,0,0,0,0,1,0,0,2,0,1,0
S0711,0,0,0,0,0,0,0,1,0,2,0,0,0,0,0,0,0,1,0,0,1,0
I0712,0,0,0,0,0,0,0,2,0,0,0,0,0,0,2,0,0,0,0,0,0,0
A0713,2,0,0,1,0,0,0,2,0,0,0,0,0,0,0,0,0,0,0,0,0,0
I0714,0,0,0,0,0,0,0,0,0,0,0,0,2,0,0,2,0,0,0,0,0,0
P0715,0,0,0,2,0,0,1,0,1,0,0,0,1,0,0,0,0,0,0,0,0,0
T0716,0,0,0,0,1,0,0,0,0,0,0,1,0,0,0,0,0,0,0,0,0,0
N0717,0,0,0,0,0,0,1,2,0,0,1,0,0,0,0,0,0,0,1,0,0,0
F0718,1,0,1,0,0,0,0,1,2,0,0,0,0,0,0,0,0,0,0,0,0,0
T0719,0,0,0,0,0,0,0,1,0,0,0,0,0,0,0,0,0,0,1,0,0,0
I0720,0,0,0,0,0,0,1,3,0,0,1,0,0,0,0,0,0,0,0,0,0,0
S0721,0,0,0,1,0,0,0,0,2,0,0,0,0,0,0,0,0,0,1,0,0,0
V0722,0,0,0,0,0,2,0,0,0,0,0,0,0,0,0,0,0,0,1,0,0,0
T0723,0,0,0,1,0,0,0,1,0,0,0,3,0,0,0,0,0,0,0,0,0,0
T0724,0,0,0,0,0,0,1,1,0,0,0,0,0,0,0,0,0,0,0,0,0,0
E0725,0,0,0,0,0,2,0,0,0,0,0,0,0,0,0,2,0,0,1,0,0,0
I0726,0,1,1,0,0,0,0,0,0,0,2,0,0,0,0,0,0,0,0,0,0,0
L0727,0,0,0,0,0,0,1,1,0,0,0,0,0,0,0,0,0,0,1,0,0,0
P0728,0,2,0,0,0,1,0,0,0,0,1,1,0,0,0,0,0,0,0,0,0,0
V0729,3,1,0,0,0,0,0,0,0,0,0,0,0,0,0,0,0,0,0,1,0,0
S0730,0,3,0,0,0,0,0,0,0,0,1,0,1,0,0,0,0,0,0,0,0,0
M0731,0,0,0,0,0,0,0,0,0,0,1,0,0,0,0,0,0,0,0,0,0,0
T0732,0,0,0,0,0,0,0,0,1,0,0,7,0,0,0,0,0,0,0,0,0,0
K0733,0,1,0,0,1,0,0,0,0,0,0,0,0,0,0,0,0,0,0,1,0,0
T0734,0,0,0,0,0,0,0,0,0,0,1,0,0,0,0,0,1,0,0,0,0,0
S0735,0,0,0,0,0,0,0,0,0,0,1,0,0,0,1,0,0,0,0,0,0,0
V0736,0,0,0,0,0,0,2,0,0,0,0,1,0,0,0,0,0,0,0,0,0,1
D0737,1,1,0,0,0,2,0,0,0,0,0,0,1,0,0,0,0,0,0,0,0,0
C0738,1,0,0,0,0,0,0,0,0,0,1,0,0,0,2,0,0,0,0,0,0,0
T0739,0,0,0,0,0,0,3,0,0,0,0,0,0,0,1,0,0,0,0,0,0,0
M0740,0,2,0,0,0,0,0,0,0,0,0,1,0,0,0,2,0,0,0,0,0,0
Y0741,0,0,0,0,0,0,0,0,0,0,0,0,0,0,0,0,0,2,3,0,0,0
I0742,0,0,0,0,0,0,1,0,0,0,0,0,0,0,0,0,0,0,0,2,0,0
C0743,0,0,1,0,0,0,0,0,0,0,0,0,0,0,0,0,0,0,2,0,0,0
G0744,1,0,0,0,0,0,0,0,0,0,0,0,0,0,0,0,0,0,3,0,0,0
D0745,0,0,0,2,0,0,0,0,0,0,0,0,0,0,0,0,0,0,0,0,0,1
S0746,0,1,0,0,0,0,0,0,0,0,3,0,0,0,0,0,0,0,0,0,0,0
T0747,0,0,0,0,0,1,0,0,0,0,0,2,0,0,1,0,0,0,0,0,0,0
E0748,0,0,0,0,0,0,0,1,0,0,0,0,0,0,0,1,0,0,0,0,0,1
C0749,0,0,0,0,0,1,0,0,0,0,0,0,0,0,0,0,1,0,0,0,0,2
S0750,0,0,0,0,0,0,0,0,1,0,0,0,0,0,0,1,2,0,0,0,0,1
N0751,0,0,0,0,0,0,0,0,2,0,0,0,0,0,0,0,0,0,0,0,0,0
L0752,0,0,0,2,0,0,0,0,1,0,0,1,0,0,2,0,0,0,0,0,0,0
L0753,2,0,0,0,0,0,0,1,0,0,0,0,0,0,0,0,0,0,0,0,0,0
L0754,0,0,0,0,0,0,0,0,0,0,0,1,0,0,1,0,0,0,0,0,0,0
Q0755,0,0,0,0,0,0,0,0,0,0,0,0,0,0,0,0,0,2,0,0,0,0
Y0756,0,0,0,2,0,0,0,0,1,0,0,0,0,0,0,0,0,0,0,0,0,0
G0757,1,0,0,0,0,0,0,1,1,0,0,0,0,0,0,0,0,0,0,0,0,0
S0758,0,1,0,0,0,1,0,0,0,0,0,0,0,0,0,0,2,0,1,0,0,0
F0759,0,0,1,0,0,0,0,0,0,2,1,0,0,0,0,0,0,0,0,0,0,1
C0760,0,0,0,1,0,0,0,0,0,0,0,0,0,0,0,0,2,1,0,0,0,1
T0761,0,0,0,0,0,0,0,0,0,0,2,1,0,0,0,2,0,0,0,0,0,0
Q0762,0,0,0,0,0,0,0,0,2,0,1,0,0,0,0,0,0,0,0,1,0,1
L0763,0,0,0,0,0,0,0,0,0,0,0,0,0,0,2,0,0,0,0,1,0,1
N0764,1,0,0,0,0,0,0,1,0,0,0,0,0,0,0,2087,0,0,0,0,0,0
R0765,0,0,1,1,0,0,0,0,0,0,0,0,0,0,0,0,0,1,2,0,0,0
A0766,0,2,0,0,0,0,0,1,0,0,0,0,1,0,0,0,0,0,0,0,0,0
L0767,0,0,0,0,0,0,0,0,0,0,0,0,1,0,2,0,0,0,0,0,0,0
T0768,1,0,0,1,0,0,0,1,0,0,0,5,0,0,0,2,0,0,0,0,0,0
G0769,0,1,0,0,0,0,0,1,0,0,0,0,0,0,0,1,1,0,0,2,0,0
I0770,0,1,0,0,0,0,0,0,0,0,0,0,1,0,0,0,0,0,0,0,0,0
A0771,0,0,0,0,0,0,0,0,0,0,3,0,0,0,0,0,0,1,0,0,0,0
V0772,0,0,0,0,0,0,0,0,0,0,0,0,0,0,0,0,0,0,0,0,0,0
E0773,0,2,0,0,0,0,0,1,0,0,0,0,0,0,0,1,1,0,0,0,0,0
Q0774,0,0,2,0,0,0,0,0,0,0,0,0,0,0,0,0,0,1,0,0,0,1
D0775,0,0,0,1,0,2,0,1,0,0,0,0,0,0,0,0,0,0,0,0,0,0
K0776,0,0,0,0,0,0,0,0,0,0,0,1,0,0,0,0,0,0,2,1,0,0
N0777,0,0,0,0,0,0,0,0,0,0,0,0,0,0,0,1,1,0,2,0,0,0
T0778,0,0,0,0,0,0,0,2,0,0,0,0,0,0,0,0,0,0,1,0,0,0
Q0779,1,0,0,0,0,0,0,0,0,1,0,0,0,1,0,1,1,0,0,0,0,0
E0780,0,0,1,0,1,0,0,0,0,0,0,0,0,0,0,0,1,1,1,0,0,0
V0781,0,0,0,0,0,0,3,0,0,0,0,0,0,0,0,0,0,0,1,0,0,0
F0782,0,0,1,0,0,0,0,0,0,0,1,0,0,0,0,0,0,0,0,0,0,0
A0783,0,1,0,0,0,0,0,1,0,2,1,0,0,0,0,0,0,0,0,0,0,0
Q0784,0,0,0,0,0,0,0,0,0,0,1,0,0,0,0,1,1,1,0,0,0,0
V0785,0,2,0,0,0,0,0,0,0,0,1,0,0,0,1,0,1,0,0,0,0,0
K0786,0,0,0,0,0,0,0,1,0,0,0,1,0,0,0,0,2,0,0,0,0,0
Q0787,0,0,0,0,0,0,0,0,0,0,0,0,0,0,0,0,0,1,0,0,0,1
I0788,1,1,0,0,0,0,0,1,0,0,1,0,0,0,1,0,0,0,0,0,0,0
Y0789,0,0,0,1,0,0,0,0,3,0,0,0,0,0,0,0,0,0,0,0,0,0
K0790,0,1,0,0,0,0,0,0,0,0,1,0,0,0,0,0,2,0,1,0,0,0
T0791,0,0,0,0,0,0,1,0,0,1,1,1,0,0,0,0,0,0,0,0,0,0
P0792,1,0,0,0,0,0,1,0,0,0,1,0,1,0,0,0,0,0,0,0,0,0
P0793,1,1,0,0,0,0,0,0,0,0,0,0,0,0,1,0,1,0,0,0,0,0
I0794,0,0,0,1,0,0,0,2,0,0,1,0,0,0,0,0,0,0,0,0,0,0
K0795,0,0,0,0,1,1,1,0,0,0,0,0,0,0,0,0,0,0,0,0,0,0
D0796,0,0,2071,0,0,2,1,0,0,0,0,0,0,0,0,0,0,0,0,0,0,0
F0797,1,0,0,0,0,0,0,0,1,0,0,2,0,0,0,0,0,0,0,0,0,0
G0798,0,0,0,0,0,0,0,2,0,0,0,1,0,0,0,0,0,0,0,0,0,0
G0799,0,0,0,1,0,0,0,0,0,0,1,0,0,0,0,0,0,0,1,0,0,0
F0800,0,0,0,0,0,0,0,1,1,0,1,0,0,0,0,0,0,0,0,0,0,0
N0801,1,0,0,0,0,0,0,0,0,0,0,0,0,0,0,0,0,0,2,0,0,0
F0802,0,0,1,0,0,0,0,0,0,0,1,1,0,0,0,0,0,0,0,0,0,0
S0803,0,0,0,0,0,0,0,0,0,0,3,0,0,0,0,0,1,0,0,0,0,0
Q0804,0,0,0,0,0,0,0,0,0,0,1,0,0,0,0,0,0,0,0,0,0,3
I0805,0,0,0,0,0,0,0,1,0,0,1,0,2,0,0,0,0,0,0,0,0,0
L0806,1,0,0,0,0,0,0,0,0,0,0,0,1,0,0,0,0,0,0,0,0,0
P0807,1,0,0,0,0,0,0,1,0,0,2,0,0,0,0,0,0,0,0,0,0,0
D0808,1,0,0,0,0,0,0,0,0,0,0,1,0,0,0,0,2,0,0,0,0,0
P0809,2,0,0,0,0,0,0,0,0,0,1,0,0,0,0,0,0,0,0,0,0,0
S0810,0,0,1,0,0,0,0,0,0,0,2,0,0,1,0,0,0,0,0,0,0,0
K0811,0,2,0,0,0,0,0,0,0,0,0,0,0,0,0,0,0,0,0,0,0,1
P0812,4,0,0,0,0,0,0,0,0,0,2,0,0,0,0,0,0,0,0,0,0,0
S0813,0,0,0,0,0,1,0,1,1,0,0,0,0,0,0,0,1,2,0,0,0,0
K0814,1,0,0,0,1,0,0,0,0,0,0,0,0,0,0,0,1,0,0,0,0,0
R0815,0,0,0,0,0,0,0,0,0,0,0,0,0,0,0,1,0,0,0,0,0,1
S0816,0,0,0,0,0,0,1,0,0,0,3,1,0,0,0,0,0,0,0,0,0,0
F0817,0,0,0,0,0,0,0,0,0,0,2,0,0,0,0,0,0,0,0,0,0,0
I0818,0,2,0,0,0,0,0,1,0,0,0,0,0,0,0,0,0,0,0,0,0,0
E0819,0,0,0,0,0,0,1,2,0,0,0,0,0,0,0,0,1,0,1,0,0,0
D0820,0,0,0,2,0,1,0,0,1,0,0,0,0,0,0,0,0,0,0,1,0,0
L0821,1,0,0,0,0,0,0,1,0,0,0,0,0,0,0,0,0,0,0,0,0,0
L0822,0,0,0,0,0,0,1,2,0,1,0,0,0,0,2,0,0,1,0,0,0,0
F0823,0,0,0,0,0,0,0,2,0,0,0,0,0,0,0,0,0,0,0,0,0,0
N0824,0,0,0,0,0,0,0,0,0,0,0,0,0,0,0,0,0,3,1,0,0,0
K0825,0,0,0,0,0,0,0,0,2,0,0,0,0,1,0,0,1,0,0,1,0,0
V0826,0,0,0,0,0,0,0,0,1,0,0,1,0,0,0,0,0,0,0,0,0,0
T0827,0,0,0,0,0,1,0,0,0,1,2,0,0,0,1,0,0,0,0,0,0,0
L0828,0,0,0,0,0,0,0,1,0,0,0,0,2,0,1,0,0,0,0,0,0,0
A0829,0,0,0,0,1,0,0,1,0,0,0,0,0,0,0,1,0,0,0,0,0,0
D0830,2,0,0,0,0,0,0,0,0,0,0,0,0,0,0,1,2,0,0,0,0,0
A0831,0,0,0,0,0,0,0,1,0,0,0,1,0,0,2,0,0,0,0,0,0,0
G0832,0,0,0,0,0,0,0,0,0,0,0,0,0,2,0,0,1,0,2,0,0,0
F0833,0,0,0,0,0,0,0,0,1,0,0,0,0,1,0,0,0,0,0,0,0,0
I0834,0,4,0,0,0,0,0,0,1,0,0,0,0,0,0,0,0,0,0,0,0,0
K0835,0,1,0,0,0,0,0,0,0,0,0,1,0,0,0,0,0,0,0,1,0,2
Q0836,0,0,0,0,0,0,0,0,0,0,0,0,0,0,0,2,0,1,0,2,0,1
Y0837,0,0,0,0,0,0,0,0,1,0,0,0,0,0,0,0,0,0,0,0,0,0
G0838,0,0,0,0,0,0,1,1,0,0,0,0,0,0,0,0,0,0,0,0,0,0
D0839,0,0,0,1,0,0,1,0,0,0,0,0,0,0,0,0,0,0,0,0,0,0
C0840,0,0,2,0,0,0,0,0,0,0,0,0,0,0,0,0,0,0,1,1,0,0
L0841,0,0,0,0,0,0,0,0,0,1,0,2,0,0,0,0,0,0,0,0,0,0
G0842,0,0,0,0,0,0,3,0,0,0,0,0,0,0,0,1,0,0,1,0,0,0
D0843,0,0,0,3,0,0,0,0,0,0,0,1,0,0,0,0,0,0,0,0,0,0
I0844,0,3,0,1,0,0,1,0,0,0,0,0,0,0,0,0,0,0,0,0,0,0
A0845,0,0,0,0,0,0,0,1,2,0,0,0,0,0,0,0,0,0,0,0,0,0
A0846,2,2,0,0,0,0,0,1,0,0,0,0,0,0,0,0,0,0,0,0,0,0
R0847,0,0,0,0,0,2,0,0,0,0,0,0,0,0,0,0,0,0,0,2,0,0
D0848,0,0,0,2,0,0,0,0,0,0,0,0,0,0,0,0,2,0,0,0,0,0
L0849,0,0,0,0,0,0,0,0,0,0,0,0,0,0,0,0,0,0,0,0,0,0
I0850,0,0,0,2,0,0,0,0,0,0,0,0,0,0,0,0,0,0,0,0,0,0
C0851,0,0,0,0,0,0,0,0,0,0,0,0,0,0,4,0,0,0,0,0,0,0
A0852,1,0,0,2,0,0,0,2,0,0,0,0,0,0,0,0,0,0,0,0,0,0
Q0853,0,0,0,0,0,0,2,0,0,0,0,0,0,0,0,2,0,0,0,1,0,0
K0854,0,0,0,0,0,0,0,0,0,0,0,0,0,0,0,0,1,0,2,2,0,0
F0855,0,0,0,0,0,0,0,0,0,0,3,0,0,0,0,0,0,0,0,0,0,0
N0856,1,0,2,0,0,0,0,0,0,0,0,0,0,0,0,0,0,0,0,0,1,0
G0857,0,0,0,0,0,0,0,0,2,0,0,0,0,0,0,0,0,0,2,0,1,0
L0858,0,0,0,0,0,0,0,0,0,0,0,33,1,0,2,0,0,0,0,0,1,0
T0859,0,0,0,0,0,0,2,1,0,0,0,0,2,0,0,0,0,0,0,0,1,0
V0860,0,0,0,0,0,0,0,0,0,0,0,0,0,0,0,0,0,0,0,0,1,0
L0861,2,0,0,0,0,0,0,0,0,0,0,0,0,0,0,1,0,0,0,0,0,0
P0862,0,0,0,0,0,0,1,0,0,0,2,0,0,0,0,2,0,0,0,0,0,0
P0863,0,0,0,0,0,2,1,0,0,0,2,0,0,0,0,0,0,0,0,0,0,0
L0864,0,0,0,0,0,0,0,0,0,0,0,0,0,0,2,0,0,1,0,0,0,0
L0865,0,0,0,0,0,0,0,0,0,0,0,0,0,0,3,0,0,0,0,0,0,0
T0866,0,0,0,0,0,0,2,0,0,0,0,0,0,0,0,2,0,0,0,0,0,0
D0867,0,0,0,1,0,0,0,0,0,0,0,1,0,0,0,0,0,0,0,2,0,0
E0868,0,0,0,0,0,3,0,0,0,0,0,0,0,0,0,1,0,0,0,0,0,1
M0869,0,0,0,0,0,0,0,0,0,0,2,0,0,0,0,0,0,0,0,0,0,0
I0870,0,0,0,0,0,0,1,1,0,0,2,0,0,0,0,0,0,0,0,0,0,0
A0871,0,0,0,2,0,0,0,0,0,0,2,1,0,0,0,0,0,0,0,0,0,0
Q0872,0,0,1,0,0,0,0,0,0,0,0,0,0,0,0,1,0,1,0,0,0,2
Y0873,0,0,0,2,0,0,0,0,1,0,0,0,0,0,0,0,0,0,1,0,0,0
T0874,0,0,0,0,0,0,0,0,0,1,0,1,0,0,0,0,0,0,0,0,0,0
S0875,0,0,1,0,0,0,0,0,1,0,0,0,0,0,0,0,0,0,0,0,0,0
A0876,2,1,0,0,0,0,0,1,0,0,0,0,0,0,0,0,0,0,0,0,0,0
L0877,0,0,0,0,0,0,0,0,0,1,0,0,0,0,0,0,1,0,0,0,0,0
L0878,2,0,0,0,1,0,0,0,0,0,0,1,0,0,0,0,0,0,0,0,0,0
A0879,0,0,0,0,0,0,0,1,0,0,0,0,0,0,0,0,0,0,0,0,0,0
G0880,0,0,2,0,0,0,0,0,0,0,0,2,0,0,0,0,0,0,1,0,0,0
T0881,0,0,0,0,0,0,0,1,0,0,0,0,2,0,0,0,0,0,0,0,0,0
I0882,0,2,0,1,0,0,1,1,0,0,0,0,0,0,0,0,0,0,0,0,0,0
T0883,0,0,1,0,0,0,0,0,0,0,0,13,0,0,0,0,0,0,0,0,0,0
S0884,0,0,0,0,0,0,0,0,0,0,0,2,0,0,0,0,0,0,1,0,0,0
G0885,0,0,0,0,0,0,1,2,0,0,0,0,0,0,0,0,0,0,1,0,0,0
W0886,0,0,0,0,1,0,0,0,0,0,1,2,0,0,0,0,0,0,0,1,0,0
T0887,0,0,0,0,0,0,0,0,0,1,0,2,0,0,1,1,0,0,0,0,0,0
F0888,1,0,2,0,0,0,0,0,2,0,0,0,0,0,0,0,0,0,0,0,0,0
G0889,2,0,0,0,2,0,0,0,0,0,0,0,0,0,1,0,0,0,0,0,0,0
A0890,0,0,0,0,2,0,0,0,0,0,0,2,0,0,0,0,0,0,0,0,0,0
G0891,0,0,0,0,0,0,0,0,2,0,0,1,0,0,0,0,2,0,0,0,0,0
A0892,0,0,0,0,0,0,0,4,0,0,1,0,0,0,0,0,0,0,0,0,0,0
A0893,0,0,0,0,0,0,0,0,0,0,2,2,1,0,0,0,0,0,0,0,0,0
L0894,4,0,0,0,0,0,0,0,0,1,0,0,0,0,0,0,0,0,0,0,0,0
Q0895,0,0,0,0,0,0,0,0,0,0,0,0,0,0,0,0,2,1,0,0,0,0
I0896,0,0,0,0,0,0,0,0,0,0,2,0,3,0,0,0,0,0,0,0,0,0
P0897,0,0,0,0,0,0,0,0,0,0,3,0,2,0,0,0,0,0,0,0,0,0
F0898,0,1,0,0,0,0,0,0,0,0,0,0,0,0,0,0,0,0,0,0,0,0
A0899,0,0,0,1,0,0,0,2,0,0,0,0,0,0,0,0,0,2,0,0,0,0
M0900,1,0,0,0,0,0,0,2,0,0,2,0,0,0,0,0,0,0,0,0,0,0
Q0901,0,0,0,0,0,0,0,0,0,0,0,0,0,0,0,0,0,0,0,2,0,0
M0902,0,0,0,0,0,0,0,2,0,0,2,0,0,0,0,0,0,0,0,0,0,0
A0903,0,2,0,0,0,0,0,3,0,0,0,0,0,0,0,0,0,0,0,0,0,0
Y0904,0,0,0,0,0,0,0,0,2,0,0,0,0,0,0,0,0,0,2,0,0,0
R0905,2,0,0,0,0,0,1,0,0,0,0,0,0,0,0,2,0,0,0,0,0,0
F0906,0,0,1,0,0,0,0,0,0,0,2,0,0,0,0,0,0,0,0,0,0,0
N0907,0,0,0,0,0,0,0,0,0,0,0,0,0,0,1,2,0,0,0,0,0,0
G0908,0,0,0,0,0,0,2,0,0,0,0,0,0,0,0,0,0,0,2,0,0,0
I0909,0,0,0,2,0,0,0,0,0,0,0,0,0,0,2,0,0,0,0,0,0,0
G0910,0,0,0,0,2,0,1,0,0,0,0,0,0,0,0,0,0,0,0,0,0,0
V0911,0,2,0,0,0,0,0,0,0,0,0,0,1,0,0,0,0,0,0,0,0,0
T0912,1,0,0,0,0,0,0,0,0,0,0,2,0,0,0,0,0,0,0,0,0,0
Q0913,0,0,0,0,0,0,0,0,0,0,2,1,0,0,0,0,0,0,0,0,0,0
N0914,0,0,0,0,0,0,0,0,0,0,2,0,0,0,0,0,0,0,1,0,0,0
V0915,0,0,0,0,0,0,0,0,0,0,0,3,0,0,0,0,0,0,0,0,0,0
L0916,0,0,0,0,0,0,0,0,0,2,0,0,0,0,0,0,0,2,0,0,0,0
Y0917,0,0,0,0,0,0,0,0,0,0,1,0,0,0,0,0,0,2,0,0,0,0
E0918,0,0,2,0,0,0,0,0,0,0,0,0,0,0,0,0,2,0,0,0,0,1
N0919,0,0,0,0,0,0,2,0,0,0,0,1,0,0,0,0,0,0,0,0,0,0
Q0920,2,0,0,0,0,0,0,0,0,0,0,0,0,0,0,0,0,0,0,0,0,1
K0921,0,0,0,2,0,0,0,0,0,0,0,0,0,0,0,0,0,1,0,0,0,0
L0922,0,0,0,0,0,0,0,0,0,0,0,0,1,0,0,0,0,0,0,0,0,1
I0923,1,2,0,2,0,0,0,0,0,0,0,0,0,0,0,0,0,0,0,0,0,0
A0924,1,0,0,0,0,0,0,2,0,0,2,0,0,0,0,0,0,0,0,0,0,0
N0925,0,0,0,0,0,0,0,0,0,0,0,1,0,0,0,2,0,0,0,0,0,0
Q0926,0,0,2,0,0,0,0,0,0,0,0,0,0,0,0,0,2,0,0,0,0,1
F0927,0,0,0,0,0,0,2,0,0,1,0,0,0,0,0,0,0,0,0,0,0,0
N0928,0,0,0,0,0,1,0,0,0,0,0,2,0,0,0,0,0,0,0,0,0,0
S0929,0,0,0,0,0,0,0,2,1,0,0,2,0,0,0,0,0,0,0,0,0,0
A0930,0,1,0,0,0,0,0,0,0,0,0,0,0,0,0,0,0,0,1,0,0,0
I0931,0,0,0,0,0,1,0,0,0,0,0,0,0,0,0,2,0,0,0,0,0,0
G0932,0,2,0,2,0,0,0,0,0,0,0,0,0,0,0,0,0,0,0,0,0,0
K0933,1,0,0,0,0,0,0,0,0,0,0,0,0,0,0,0,3,0,0,0,0,0
I0934,0,0,0,0,0,0,3,1,0,0,1,0,0,0,0,0,0,0,0,0,0,0
Q0935,0,0,1,0,0,0,0,0,0,0,0,0,0,0,0,1,0,0,0,0,0,0
D0936,0,0,0,1,0,1,0,0,0,0,0,0,0,0,0,0,0,3,0,0,0,2
S0937,0,3,0,0,0,0,0,0,0,0,0,1,0,0,0,0,0,0,0,0,0,0
L0938,0,0,0,0,0,0,0,2,0,1,0,0,0,0,0,0,0,0,1,0,0,0
S0939,0,0,0,0,0,0,1,0,0,0,0,0,0,0,5,0,0,0,0,0,0,0
S0940,0,0,0,0,0,0,0,0,0,0,0,0,0,0,4,0,0,0,0,0,0,0
T0941,0,0,0,0,0,0,0,0,0,0,0,0,1,0,0,2,1,0,1,0,0,0
A0942,1,1,0,0,0,0,0,1,0,0,0,2,0,0,0,1,0,0,0,0,0,0
S0943,0,0,0,0,0,0,0,0,0,0,0,2,0,0,0,0,0,0,0,0,0,0
A0944,0,0,0,0,0,0,0,0,0,0,0,0,0,0,0,0,0,0,0,2,0,0
L0945,0,0,0,0,0,0,0,0,0,0,0,4,0,0,1,0,0,0,0,0,0,0
G0946,0,0,1,2,0,0,0,34,0,0,0,0,0,0,0,1,0,0,0,0,0,0
K0947,2,0,0,2,0,0,0,0,0,0,0,0,0,0,0,0,0,0,0,0,0,0
L0948,1,0,0,0,0,0,0,0,0,0,0,0,0,0,1,0,2,0,0,0,0,0
Q0949,1,0,0,0,0,0,0,0,0,1,0,0,0,0,0,0,0,2,0,0,0,1
D0950,0,0,0,1,0,0,0,0,1,0,0,0,0,0,0,0,0,0,0,0,0,2
V0951,0,0,0,0,0,0,0,0,0,0,0,0,0,0,0,0,3,0,0,1,0,0
V0952,3,0,0,0,0,0,1,0,0,0,0,2,0,0,0,0,0,0,0,0,0,0
N0953,0,1,0,0,0,0,0,0,0,0,0,0,0,0,0,0,0,1,1,0,0,0
Q0954,0,0,0,0,0,1,0,0,0,0,2,0,0,2,0,0,0,2105,0,0,0,0
N0955,1,0,0,0,1,0,0,0,0,0,0,0,0,0,0,1,0,0,0,0,0,0
A0956,0,0,0,0,1,0,0,0,0,0,0,0,0,0,0,2,0,0,0,0,0,0
Q0957,0,0,0,0,0,0,0,1,0,1,0,0,0,0,0,0,0,0,0,1,0,0
A0958,0,0,0,1,0,0,0,2,0,0,0,2,0,0,0,0,0,0,0,0,0,0
L0959,1,0,0,0,0,0,0,2,0,0,0,0,0,0,0,0,0,0,0,0,0,0
N0960,0,1,1,0,0,0,0,0,0,0,0,0,0,0,0,2,0,0,1,0,0,0
T0961,0,0,0,0,0,1,0,1,0,0,0,1,2,0,0,0,0,0,0,0,0,0
L0962,0,0,0,0,0,0,0,0,0,0,0,1,0,0,0,0,0,0,1,0,0,0
V0963,0,2,1,0,0,0,0,0,0,0,0,0,0,0,1,0,0,0,0,0,0,0
K0964,0,0,0,0,1,0,0,1,0,0,2,0,0,0,0,0,0,0,0,0,0,0
Q0965,0,0,0,0,0,0,0,0,0,1,0,0,0,2,0,0,0,0,1,0,0,0
L0966,0,0,0,0,0,0,0,2,1,0,0,0,0,1,0,0,0,0,0,0,0,0
S0967,0,0,0,0,0,3,0,0,0,0,0,0,0,0,0,1,0,0,0,0,0,0
S0968,0,0,0,0,0,0,0,0,0,0,1,2,0,0,2,0,0,0,0,0,0,0
N0969,2,0,0,0,0,0,1,0,0,0,0,2,0,0,0,2150,0,0,0,0,0,0
F0970,0,1,0,0,0,0,0,1,1,0,2,0,0,0,0,0,0,0,0,0,0,0
G0971,0,0,0,2,0,0,0,0,1,0,0,0,0,0,0,0,0,0,2,0,0,0
A0972,0,1,0,0,0,0,0,2,0,0,0,1,0,0,0,0,0,0,0,0,0,0
I0973,0,1,0,0,0,1,0,0,0,0,0,0,0,0,0,0,0,0,0,0,0,0
S0974,0,0,0,0,0,0,0,0,0,0,2,0,0,0,0,0,1,0,0,0,0,2
S0975,0,0,0,0,0,0,1,0,2,0,0,0,0,0,0,0,0,2,0,0,0,0
V0976,0,0,0,1,0,0,2,0,0,0,0,0,0,0,0,0,0,0,0,0,0,0
L0977,0,0,0,0,0,0,0,0,0,0,0,0,0,0,0,0,0,1,0,0,0,2
N0978,6,0,0,0,0,1,0,0,0,0,0,0,1,0,0,0,0,0,0,1,0,0
D0979,0,0,2,0,0,1,0,1,1,0,0,0,0,0,0,0,0,0,0,0,0,0
I0980,0,1,0,0,0,2,1,0,0,0,0,0,0,0,1,0,0,0,0,0,0,0
L0981,0,0,0,0,0,0,0,2,0,0,0,0,0,0,0,0,0,0,0,0,0,0
S0982,0,3,0,0,0,0,0,0,1,0,0,0,0,0,0,1,0,0,0,0,0,0
R0983,0,0,0,0,0,0,0,0,3,0,0,0,0,0,0,0,0,0,0,0,0,0
L0984,2,0,0,0,0,0,0,1,0,0,0,0,0,0,1,0,0,1,0,0,0,0
D0985,0,0,0,0,0,0,0,0,3,0,0,0,0,0,0,0,0,1,0,0,0,0
K0986,0,0,0,0,2,0,1,0,0,0,0,1,0,0,0,0,0,0,0,1,0,0
V0987,0,2,0,2,0,0,0,0,0,0,0,1,0,0,0,0,0,0,0,0,0,0
E0988,0,0,2,0,0,1,0,0,0,0,0,0,0,0,0,0,1,0,0,0,0,0
A0989,0,1,1,2,0,0,0,0,0,0,0,0,0,0,0,0,0,0,1,0,0,0
E0990,0,0,0,0,0,0,0,2,0,0,0,0,0,0,0,0,1,0,0,0,0,1
V0991,0,0,0,0,0,0,1,0,0,0,4,0,0,0,0,0,0,0,0,0,0,0
Q0992,0,0,1,0,0,0,0,0,0,0,0,0,0,0,0,1,0,0,0,0,0,2
I0993,0,0,0,0,0,0,0,0,1,0,3,0,0,0,0,0,0,0,0,0,0,0
D0994,0,0,0,1,0,0,0,0,0,0,0,0,0,0,0,0,0,0,0,0,0,0
R0995,0,0,0,0,0,0,1,0,0,0,0,0,1,0,0,0,0,0,0,0,0,0
L0996,0,0,0,0,0,0,0,0,0,0,0,0,1,0,0,0,1,0,0,0,0,0
I0997,0,0,0,0,0,0,3,0,0,0,1,0,0,0,0,0,0,1,0,0,0,0
T0998,1,0,0,2,0,0,1,0,0,0,0,1,0,0,0,0,0,0,0,0,0,0
G0999,0,0,0,1,0,0,1,0,1,0,0,0,0,0,0,0,0,0,1,2,0,0
R1000,0,0,0,0,0,0,0,0,2,0,0,0,0,0,0,1,0,0,0,1,0,0
L1001,0,0,0,0,0,0,2,0,0,0,0,0,0,0,2,0,0,0,0,0,0,0
Q1002,0,0,0,0,0,0,0,0,0,2,0,0,1,0,0,0,0,0,0,0,0,0
S1003,0,0,0,1,0,0,0,3,0,0,1,1,0,0,0,0,0,0,1,0,0,0
L1004,0,0,0,0,0,0,0,0,0,0,0,0,0,0,0,0,0,0,0,0,0,0
Q1005,0,0,0,0,0,0,0,0,0,0,0,0,0,2,0,0,0,0,0,1,0,0
T1006,2,0,0,0,0,0,0,0,0,0,0,1,0,0,0,0,0,0,0,0,1,0
Y1007,0,0,0,1,0,0,0,0,2,0,2,0,0,0,0,0,0,0,0,0,0,0
V1008,0,0,0,0,0,0,0,0,0,0,0,0,1,0,0,0,0,0,0,1,0,0
T1009,0,0,0,1,0,0,3,0,0,1,0,1,0,0,0,0,0,0,0,0,0,0
Q1010,2,0,0,0,0,0,0,0,0,0,2,0,0,0,0,0,0,1,0,0,0,1
Q1011,0,0,0,0,0,0,0,0,0,0,2,0,0,0,0,1,0,1,0,0,0,1
L1012,1,0,2,0,0,0,0,0,0,0,0,0,0,0,0,0,0,0,0,0,0,0
I1013,0,0,0,0,0,0,0,2,0,0,1,0,0,0,0,0,0,0,0,0,0,0
R1014,1,0,0,0,0,2,0,0,0,0,0,0,0,0,0,2,0,0,0,0,0,0
A1015,0,1,0,0,0,1,0,1,0,2,0,0,0,0,1,0,0,0,0,0,0,0
A1016,0,0,0,1,0,2,0,2,0,0,0,0,0,0,0,0,0,0,1,0,0,0
E1017,0,0,1,0,0,2,0,0,0,0,0,0,0,0,0,0,0,0,0,0,0,0
I1018,0,2,0,0,0,0,0,2,0,0,0,0,0,0,0,0,0,0,1,0,0,0
R1019,0,2,1,0,0,0,0,0,0,0,0,0,0,0,0,1,0,0,0,0,0,0
A1020,4,0,1,2,0,0,0,1,0,0,0,0,0,0,0,0,0,0,0,0,0,0
S1021,0,0,2,0,0,0,0,0,0,3,0,1,0,0,0,0,0,0,0,0,0,0
A1022,1,0,0,0,0,0,0,0,0,0,0,0,0,0,1,0,0,0,0,0,0,0
N1023,0,0,0,0,0,0,0,0,0,0,0,0,1,0,0,0,0,0,2,0,0,0
L1024,3,0,1,0,0,0,0,0,0,0,0,1,0,0,1,0,0,0,0,0,0,0
A1025,0,0,0,0,0,0,0,3,0,0,0,1,0,0,0,0,0,0,1,0,0,0
A1026,0,0,0,0,0,0,0,1,0,0,0,0,0,0,2,0,0,0,0,0,0,0
T1027,0,0,0,2,0,0,0,0,0,0,0,0,0,0,0,0,0,0,0,0,0,0
K1028,0,0,0,0,0,0,1,0,0,0,0,0,0,0,0,0,1,0,0,0,0,0
M1029,0,1,0,0,1,0,0,1,0,0,0,0,0,0,0,2,0,0,0,0,0,0
S1030,0,0,0,0,0,0,0,0,0,1,1,0,0,0,0,0,0,0,0,0,0,2
E1031,0,0,0,0,1,0,0,0,0,0,0,0,0,0,0,0,2,0,0,0,0,1
C1032,1,0,0,0,0,0,0,0,0,0,0,0,0,0,1,0,1,0,0,0,0,0
V1033,0,0,0,0,0,0,14,0,0,0,1,0,0,0,0,0,0,0,0,0,0,2
L1034,1,0,0,0,0,0,0,0,1,0,0,0,0,0,0,0,0,2,0,0,0,0
G1035,0,0,0,0,0,0,0,0,0,0,0,0,1,0,0,1,2,0,0,0,0,1
Q1036,0,0,0,0,0,0,0,0,0,0,3,0,0,0,0,0,0,0,0,0,0,1
S1037,0,1,0,0,0,0,0,0,2,0,0,0,0,0,0,0,0,0,0,0,0,0
K1038,0,0,0,0,0,0,0,0,0,0,0,0,0,0,0,0,0,0,0,2,0,2
R1039,0,0,0,0,0,0,0,0,0,0,1,0,0,0,0,0,0,1,0,0,0,2
V1040,0,1,0,0,0,1,1,0,0,0,0,0,0,0,1,0,0,0,0,0,1,0
D1041,0,0,0,0,0,1,0,1,0,0,0,0,0,0,0,0,0,2,0,0,1,0
F1042,0,0,0,0,0,0,0,0,0,0,0,2,0,0,0,0,0,0,0,0,1,0
C1043,0,0,0,0,0,0,0,0,0,0,0,0,0,0,0,0,0,0,1,0,0,1
G1044,0,0,0,0,0,0,0,2,0,0,0,0,0,0,0,0,0,0,0,0,0,2
K1045,0,0,0,3,0,0,1,0,0,0,0,0,0,0,0,0,1,0,0,0,0,0
G1046,0,0,0,0,0,0,0,0,2,0,0,2,0,0,0,0,0,0,0,0,0,1
Y1047,2,0,0,0,0,0,0,0,0,0,0,0,0,0,0,0,0,1,0,0,0,0
H1048,1,0,2,0,0,0,0,0,0,0,0,0,0,0,0,0,0,0,0,0,0,0
L1049,0,0,0,0,0,0,0,2,0,1,0,0,0,0,0,0,0,1,0,0,0,1
M1050,0,0,0,0,0,0,0,2,0,0,0,1,0,0,1,0,1,0,0,0,0,0
S1051,0,0,0,0,0,0,0,1,2,0,0,0,0,0,0,0,0,0,0,0,0,0
F1052,0,0,1,0,0,0,0,0,0,0,0,1,0,0,0,0,0,0,0,0,0,0
P1053,0,2,0,1,0,0,0,0,0,0,0,0,0,0,2,0,0,0,0,0,0,0
Q1054,0,0,0,0,0,0,0,0,0,0,2,0,0,1,0,2,0,0,0,0,0,0
S1055,0,1,0,0,0,0,0,0,0,0,0,0,0,0,1,0,0,0,0,0,0,2
A1056,0,1,0,0,0,0,0,3,0,0,0,0,0,0,0,0,0,0,0,0,0,1
P1057,1,2,0,0,0,0,0,0,0,0,3,0,0,0,0,0,0,0,0,0,0,0
H1058,0,0,3,0,0,0,0,0,1,0,0,0,0,0,0,0,0,0,0,1,0,0
G1059,0,0,2,0,0,0,1,1,0,0,0,0,0,0,0,0,0,0,1,0,0,0
V1060,0,2,0,0,0,0,0,0,0,0,1,0,0,0,0,0,0,0,0,0,0,1
V1061,0,0,0,0,0,0,0,0,1,0,0,0,2,0,0,0,0,0,1,0,0,0
F1062,0,0,1,0,0,1,0,0,0,0,1,1,0,0,0,0,0,0,0,0,0,0
L1063,0,0,0,0,0,0,0,0,0,0,0,0,1,0,1,0,0,0,0,0,0,0
H1064,0,0,1,0,0,0,0,0,2,0,1,0,0,0,0,0,0,0,0,0,0,1
V1065,0,0,0,0,0,0,0,0,0,0,2,0,0,0,0,0,0,0,0,1,0,0
T1066,0,0,0,0,0,0,3,1,0,0,0,0,0,0,0,2,0,0,0,0,0,0
Y1067,0,0,0,0,2,0,1,0,0,0,0,0,0,0,1,1,0,0,0,0,0,0
V1068,0,0,0,3,0,1,2,0,0,0,0,0,0,0,0,0,0,0,0,0,0,0
P1069,0,0,0,0,0,0,1,4,0,0,1,0,0,0,0,0,0,0,0,0,0,0
A1070,0,0,0,0,0,2,0,4,0,1,1,0,0,0,0,0,0,0,0,1,0,0
Q1071,0,0,0,1,0,0,0,0,0,0,4,0,0,0,0,1,0,0,0,0,0,0
E1072,0,1,0,0,0,0,1,0,0,0,0,0,0,0,0,1,2,0,0,0,0,1
K1073,0,0,0,1,0,1,0,0,0,0,0,0,0,0,0,0,0,1,1,0,0,0
N1074,0,0,1,0,0,0,0,0,0,0,0,0,0,0,0,1,0,1,2,0,0,0
F1075,0,0,1,0,0,0,0,0,0,0,2,0,0,0,0,0,0,0,0,0,0,0
T1076,0,0,0,0,0,0,0,0,0,1,0,2,2,0,0,0,0,0,0,0,0,0
T1077,1,0,0,2,0,0,0,2,0,0,0,1,0,0,0,0,0,0,0,0,0,0
A1078,0,2,0,0,0,0,0,1,0,0,1,0,0,0,2,0,0,0,0,0,0,0
P1079,1,1,0,0,0,0,2,0,0,0,0,1,0,0,0,0,0,1,0,0,0,0
A1080,0,2,0,0,0,1,0,0,0,0,2,0,0,0,0,0,0,0,1,0,0,0
I1081,1,0,0,2,0,0,0,1,0,0,0,0,0,0,0,0,0,0,0,0,0,0
C1082,0,0,0,0,0,1,0,1,0,0,0,2,0,0,0,0,0,0,0,0,0,0
H1083,0,1,1,1,0,0,0,0,0,0,0,0,0,0,1,0,0,0,0,0,0,0
D1084,0,0,0,0,0,1,0,0,0,1,1,0,0,0,0,0,0,1,0,0,0,0
G1085,0,1,0,0,0,0,0,0,0,0,0,0,0,0,0,1,1,0,2,0,0,1
K1086,0,1,2,0,2,0,1,0,0,0,0,1,0,0,0,0,0,0,0,1,0,0
A1087,0,0,0,0,0,0,0,4,1,2,0,1,0,0,0,0,0,0,0,0,0,0
H1088,0,0,3,0,0,0,0,0,0,1,0,0,0,0,0,1,0,0,1,0,0,1
F1089,2,0,0,0,0,0,0,0,1,0,4,0,0,0,0,0,0,0,0,0,0,0
P1090,0,0,0,0,0,0,1,1,0,0,5,0,0,0,0,0,0,0,0,0,0,0
R1091,2,0,3,0,0,0,0,0,0,1,0,0,0,0,0,0,0,1,0,0,0,0
E1092,0,0,0,1,1,1,0,0,0,0,0,0,0,0,0,0,0,0,4,0,0,0
G1093,0,0,0,0,0,0,1,0,0,0,0,1,0,0,1,0,0,1,2,0,0,0
V1094,0,0,0,0,0,2,0,0,0,0,0,2,0,0,0,0,0,0,1,0,0,0
F1095,0,0,0,0,1,0,0,4,0,0,1,1,0,0,0,0,0,0,0,0,0,0
V1096,0,1,0,0,0,0,2,0,0,0,0,2,0,0,0,2,0,0,0,1,0,0
S1097,0,3,0,0,0,2,0,0,1,0,1,0,0,1,0,0,0,0,0,0,0,0
N1098,0,0,0,0,0,1,0,0,0,0,0,0,0,0,0,0,0,0,3,1,0,0
G1099,1,0,0,0,0,0,2,0,0,0,0,0,0,0,0,0,0,0,3,0,0,0
T1100,1,0,0,0,0,0,1,0,0,0,1,1,0,0,0,1,0,0,0,0,0,0
H1101,1,0,2,0,3,0,0,0,0,0,1,0,0,0,0,0,0,0,1,0,0,0
W1102,0,0,2,0,1,1,0,0,2,0,0,0,0,0,0,0,3,0,0,0,0,0
F1103,0,0,0,0,0,0,0,4,0,0,1,0,0,0,0,0,0,0,0,0,0,0
V1104,0,0,0,0,0,0,0,0,0,0,0,1,2,0,0,0,0,0,0,1,0,0
T1105,0,0,0,0,0,0,0,0,0,0,2,1,3,0,0,1,0,0,0,0,0,0
Q1106,0,0,1,0,0,0,0,0,0,2,0,0,0,0,0,0,0,2,0,1,0,3
R1107,2,2,0,0,0,0,0,0,0,1,0,0,0,0,0,2,0,0,0,2,0,0
N1108,2,0,2,0,0,0,0,0,0,0,0,3,0,0,0,0,0,0,0,0,0,0
F1109,0,0,1,0,0,0,0,0,0,0,0,0,0,0,0,0,0,0,0,0,0,0
Y1110,0,0,0,2,0,0,0,0,0,0,1,0,0,0,1,0,0,0,1,0,0,0
E1111,0,2,0,0,8,0,0,0,0,0,0,0,1,0,0,0,2,0,0,0,0,0
P1112,0,2,0,0,2,0,0,0,0,0,5,0,0,0,0,0,0,0,0,0,0,0
Q1113,0,1,0,0,0,0,0,0,0,0,0,0,0,0,0,0,0,3,0,1,0,0
I1114,0,3,0,0,0,0,0,5,0,0,1,0,0,0,0,0,0,0,0,0,0,0
I1115,0,1,0,0,0,0,0,1,0,0,1,0,0,0,0,0,0,0,0,0,0,0
T1116,0,0,0,0,0,0,0,0,0,1,0,0,0,0,0,0,0,0,0,0,0,0
T1117,3,0,0,2,0,0,0,2,0,0,0,3,1,0,0,0,0,0,0,0,0,0
D1118,0,0,0,0,0,0,0,0,0,0,2,0,0,0,0,0,0,0,0,0,1,0
N1119,1,0,0,0,0,1,0,0,0,0,0,0,0,0,0,0,0,0,0,0,0,0
T1120,2,0,0,0,0,0,0,2,0,0,0,0,0,0,0,2,0,0,0,0,0,0
F1121,4,0,0,0,0,0,0,1,1,1,0,2,0,0,0,0,0,0,0,0,0,0
V1122,0,0,0,0,0,0,0,0,0,0,3,1,7,0,0,0,2,0,0,2,0,0
S1123,0,2,4,0,0,0,1,0,0,0,0,0,0,0,2,0,0,0,0,0,0,0
G1124,0,2,0,0,0,0,0,3,0,0,0,0,0,3,0,0,2,1,1,0,0,0
N1125,0,0,0,0,0,0,0,0,0,0,0,0,0,0,0,0,2,2,0,3,0,0
C1126,0,0,1,0,0,0,0,0,0,2,2,0,0,0,0,0,1,0,0,0,0,0
D1127,0,0,0,1,0,0,0,2,1,0,0,0,0,0,0,0,0,0,0,1,0,0
V1128,0,0,0,0,0,2,0,0,0,0,1,0,0,0,0,0,0,0,0,0,0,0
V1129,2,0,0,0,0,1,0,0,0,0,2,4,1,0,0,0,0,0,1,0,0,0
I1130,2,0,0,0,0,0,0,0,0,0,2,0,0,0,0,0,2,0,0,0,0,2
G1131,0,0,1,0,0,0,0,0,0,0,0,0,0,0,0,2,0,0,1,0,0,0
I1132,0,0,2,2,0,0,0,3,0,1,0,0,0,0,0,0,0,0,0,0,0,0
V1133,0,0,0,0,0,0,3,0,0,0,2,0,0,0,0,0,0,0,0,0,0,0
N1134,0,0,2,0,0,0,0,0,0,0,0,0,0,0,0,0,0,2,1,0,0,0
N1135,2,2,2,0,0,0,0,0,0,0,0,0,0,0,0,0,0,0,0,2,0,0
T1136,0,0,0,0,0,0,3,1,0,2,0,1,0,0,0,0,0,0,0,0,0,0
V1137,0,0,0,0,0,0,2,0,0,0,1,2,0,0,0,0,0,0,0,0,0,0
Y1138,0,0,0,0,0,0,0,0,3,0,1,0,0,0,2,0,1,0,0,0,0,0
D1139,1,0,0,1,0,0,0,1,0,0,0,0,0,0,1,0,2,0,0,0,0,0
P1140,1,0,0,0,0,0,1,0,0,0,4,0,0,0,0,0,0,0,0,0,0,0
L1141,1,0,0,0,1,0,0,0,0,0,0,1,0,0,0,0,0,0,0,0,0,0
Q1142,1,1,0,0,0,0,0,0,0,2,1,0,0,0,0,0,0,0,0,0,0,3
P1143,0,0,0,0,0,0,4,1,0,0,2,0,0,0,1,0,0,1,0,0,0,0
E1144,0,1,0,0,2,0,0,2,0,0,0,0,0,0,0,1,0,0,0,0,1,1
L1145,0,1,0,0,0,0,0,0,0,0,0,0,2,0,0,0,0,0,0,0,0,0
D1146,0,0,2,3,0,0,1,1,0,0,0,0,0,0,0,0,0,0,0,0,0,0
S1147,0,0,0,0,0,0,0,0,0,0,2,0,0,1,1,0,0,0,0,0,0,0
F1148,1,0,0,0,0,0,0,0,0,0,1,3,0,0,0,0,0,0,0,0,0,0
K1149,0,0,0,0,0,0,2,0,0,0,0,0,0,0,0,0,1,0,0,3,0,1
E1150,0,0,0,0,0,1,0,0,0,0,1,0,1,1,0,0,0,0,2,0,0,0
E1151,0,0,0,0,0,0,0,1,0,0,1,0,0,2,0,0,0,0,0,0,0,0
L1152,0,0,0,0,0,0,0,0,0,2,0,2,0,0,0,0,0,0,0,0,0,2
D1153,1,0,0,0,1,2,1,0,0,0,0,0,0,0,0,0,0,0,0,2,0,0
K1154,0,1,0,0,0,0,0,0,0,0,1,0,0,0,0,0,1,0,0,2,0,0
Y1155,0,0,0,0,0,0,0,0,1,0,2,0,0,0,0,0,0,2,0,0,0,0
F1156,0,0,0,0,0,0,0,3,2,0,0,2,0,0,0,0,0,0,0,0,0,0
K1157,0,0,1,1,1,0,0,2,0,0,0,0,0,1,0,0,2,1,0,0,0,0
N1158,1,0,0,0,0,0,0,0,0,0,0,2,0,0,0,1,0,0,1,0,0,0
H1159,2,0,0,0,0,0,0,0,0,0,1,0,0,0,0,0,1,0,0,0,0,0
T1160,0,0,0,0,0,0,2,2,0,0,0,0,0,0,0,1,0,0,0,0,0,0
S1161,0,0,0,0,0,0,0,0,0,1,2,0,0,0,0,0,0,0,0,0,0,1
P1162,2,0,0,0,0,2,0,0,0,0,8,0,0,0,0,0,0,1,0,0,0,0
D1163,0,0,0,0,0,0,1,2,1,0,0,0,0,0,2,2,0,0,0,0,0,0
V1164,0,0,0,0,0,0,0,0,0,0,3,2,0,0,1,0,0,0,0,0,0,0
D1165,0,0,1,2,0,1,2,1,0,0,0,0,0,0,0,0,0,0,0,0,0,0
L1166,1,0,0,0,0,0,0,0,0,2,0,0,0,0,0,1,0,0,0,0,0,0
G1167,3,0,0,0,0,0,0,0,0,0,0,0,0,0,0,0,2,0,2,0,0,0
D1168,0,0,0,1,0,4,1,1,0,0,0,0,0,0,0,0,0,1,0,0,0,0
I1169,0,0,0,1,0,0,0,1,0,0,0,0,0,0,1,0,0,0,0,0,0,1
S1170,0,1,0,0,0,0,0,1,0,1,5,0,0,0,0,0,0,0,0,0,0,0
G1171,0,0,1,1,0,0,4,0,0,0,0,0,0,0,0,0,1,0,1,0,0,0
I1172,3,1,0,0,0,0,0,1,0,0,0,0,0,0,2,0,0,0,0,0,0,0
N1173,0,0,3,0,0,0,0,0,0,0,0,1,0,0,0,0,1,0,0,0,0,0
A1174,0,1,0,0,0,0,0,1,0,0,0,1,0,0,0,0,0,0,0,0,0,0
S1175,0,1,0,0,0,0,0,0,0,1,2,0,0,0,0,1,0,0,0,0,0,0
V1176,0,1,0,1,0,0,1,0,0,0,0,5,0,0,0,0,0,0,0,0,0,0
V1177,0,0,0,0,0,2,0,0,0,0,1,1,0,0,0,0,0,0,0,0,0,0
N1178,0,0,0,0,0,0,0,0,3,0,0,0,1,0,0,0,0,1,1,0,0,0
I1179,3,0,0,0,0,0,0,1,0,0,0,0,0,0,0,0,0,0,0,1,0,0
Q1180,1,0,0,0,0,0,0,0,0,0,0,0,0,0,0,0,0,1,0,0,0,1
K1181,0,0,0,0,0,0,0,0,0,0,0,5,1,0,0,0,2,0,0,1,0,0
E1182,0,0,0,0,0,0,0,1,0,0,0,0,0,0,0,0,0,0,0,0,0,2
I1183,0,1,0,0,0,0,0,0,0,1,3,0,0,0,0,0,0,0,0,0,0,0
D1184,1,0,1,1,0,1,0,0,0,0,0,0,1,0,0,0,0,1,0,0,0,0
R1185,0,1,1,0,0,0,0,0,3,0,2,0,0,0,2,0,0,1,0,0,0,0
L1186,1,1,1,0,0,0,0,1,3,0,0,0,0,0,0,0,0,1,0,0,0,0
N1187,0,0,1,0,2,0,0,1,0,0,0,0,0,1,0,0,0,0,0,0,0,1
E1188,0,0,0,0,5,1,0,0,0,0,0,3,0,0,0,1,0,0,0,0,0,1
V1189,1,1,0,1,0,0,0,0,1,0,0,5,0,0,0,0,0,0,0,0,0,0
A1190,0,5,1,4,0,1,0,1,0,0,1,0,0,0,0,0,0,0,0,0,0,0
K1191,0,1,1,0,0,0,1,3,1,0,5,0,0,0,0,0,1,0,0,0,0,1
N1192,3,0,0,0,0,2,0,0,0,0,0,1,0,0,0,1,0,6,0,0,0,0
L1193,1,1,0,0,0,0,0,0,0,0,0,5,0,1,0,0,1,0,0,0,0,0
N1194,2,2,1,0,0,1,0,0,0,0,0,1,0,0,0,0,0,1,0,1,0,0
E1195,0,0,1,0,0,1,2,1,0,0,0,0,0,0,0,2,0,0,0,0,0,1
S1196,0,0,1,0,0,0,1,1,0,2,7,0,0,0,3,0,0,0,0,0,0,0
L1197,0,0,1,0,0,0,0,1,0,1,0,2,3,0,5,0,0,0,0,0,0,0
I1198,2,1,0,0,0,0,1,1,1,0,1,0,0,0,0,1,0,0,0,0,0,2
D1199,4,3,1,2,0,1,0,1,4,0,0,0,0,0,0,0,1,0,0,1,0,0
L1200,2,0,1,0,0,0,0,1,0,1,0,0,0,0,3,0,0,1,0,0,0,0
Q1201,0,0,0,0,0,0,0,0,1,1,0,0,0,0,0,1,1,2,0,1,0,8
E1202,4,0,0,0,0,2,0,0,0,0,2,0,0,0,0,1,0,0,0,0,1,0
L1203,7,1,0,0,0,0,1,0,0,0,0,0,0,0,0,0,0,0,0,0,0,0
G1204,2,0,0,1,0,0,4,1,0,0,2,0,0,0,0,2,0,0,1,0,0,0
K1205,0,1,0,0,4,0,0,0,0,0,2,0,0,0,0,0,0,0,0,5,0,0
Y1206,2,0,0,2,0,0,0,0,0,0,4,0,0,0,1,0,0,0,0,0,0,0
E1207,0,0,0,0,0,0,0,0,0,0,3,0,0,0,0,5,1,0,0,0,0,0
Q1208,0,0,0,0,0,0,0,1,0,0,11,0,0,0,0,2,1,0,0,0,0,1
Y1209,0,0,0,4,0,0,0,0,4,0,0,0,0,0,0,0,1,0,0,0,0,3
I1210,0,0,0,0,0,2,0,0,0,0,2,0,0,0,2,2,0,0,0,0,0,0
K1211,0,4,0,2,0,2,0,0,0,0,0,2,0,0,0,0,1,0,0,4,0,0
W1212,0,0,0,0,2,0,0,0,0,0,0,1,0,0,0,0,1,0,0,0,0,10
P1213,0,0,0,0,0,2,0,0,0,0,2,0,0,0,0,0,0,0,0,0,0,7
W1214,0,0,0,0,0,0,0,0,3,0,3,0,0,0,0,0,0,0,0,0,0,6
Y1215,0,0,0,0,2,4,0,0,2,0,0,0,0,1,1,0,0,2,0,0,0,0
I1216,2,0,0,0,0,0,0,2,0,0,1,0,2,0,6,0,0,0,0,0,0,0
W1217,0,0,1,0,0,5,0,0,0,0,4,0,0,0,0,0,1,0,2,0,0,1
L1218,3,0,0,0,1,0,0,0,0,0,0,2,0,0,4,0,1,0,0,0,0,0
G1219,2,0,0,0,0,0,0,1,3,0,0,0,0,0,2,0,0,0,8,0,0,0
F1220,3,1,0,1,0,0,0,0,0,0,0,0,0,0,0,0,0,0,0,0,0,0
I1221,0,4,0,0,0,0,0,3,0,1,2,0,4,0,0,0,2,0,0,0,0,0
A1222,0,1,0,1,0,0,0,1,0,0,0,7,2,0,1,0,0,0,0,0,0,0
G1223,0,0,0,1,0,0,0,0,2,0,0,0,0,0,6,0,2,0,3,0,0,0
L1224,0,0,0,0,0,0,2,0,0,0,0,0,0,0,6,0,0,0,0,0,0,0
I1225,2,2,0,1,0,0,6,2,0,0,0,0,0,0,0,0,0,0,0,0,0,0
A1226,3,1,0,0,0,5,0,1,0,0,1,0,0,0,2,0,0,0,0,0,0,0
I1227,0,4,0,1,0,0,1,2,0,0,0,0,0,0,0,1,0,0,0,0,0,0
V1228,0,1,0,0,0,0,2,0,0,0,6,7,0,0,0,0,0,0,0,0,0,1
M1229,1,0,0,0,0,0,0,0,0,2,0,10,0,0,0,0,0,0,0,0,0,0
V1230,0,0,0,0,0,1,0,0,0,0,2,0,1,0,0,4,0,0,0,0,0,0
T1231,0,0,0,0,0,0,1,2,0,0,4,0,0,0,1,0,0,0,0,0,0,0
I1232,2,6,0,0,0,0,0,0,0,0,1,0,0,0,0,0,0,0,0,0,0,0
M1233,0,3,0,0,0,0,0,0,0,0,2,6,0,0,4,0,0,0,0,0,0,0
L1234,0,2,0,0,0,0,0,5,0,0,0,0,0,0,2,0,0,0,0,0,0,0
C1235,0,1,6,0,0,0,0,0,0,2,0,0,0,0,0,0,0,0,0,0,0,1
C1236,0,0,0,0,0,0,0,4,0,0,6,0,0,1,3,0,0,0,0,0,0,0
M1237,0,7,0,0,0,0,0,0,0,0,0,0,0,0,1,0,2,0,0,0,0,0
T1238,0,0,0,0,0,0,5,0,0,0,1,1,2,0,0,0,1,0,0,0,0,0
S1239,0,2,0,1,0,1,2,0,0,0,0,0,0,0,0,0,1,0,0,0,0,0
C1240,0,0,3,4,0,0,0,0,0,0,0,0,0,0,0,0,0,1,0,0,0,6
C1241,2,0,0,0,0,0,0,0,0,0,1,0,0,0,5,0,0,0,0,0,0,0
S1242,0,1,0,12,0,0,0,0,1,0,0,0,0,2,0,0,0,0,0,0,0,0
C1243,1,0,1,0,0,0,1,0,0,0,4,0,0,0,6,0,2,0,0,0,0,0
L1244,0,0,0,0,0,0,0,0,2,0,0,1,0,0,10,0,0,0,0,0,0,0
K1245,1,2,0,5,0,0,0,0,4,0,0,0,1,0,0,0,0,0,0,0,0,1
G1246,2,0,0,0,0,0,4,0,7,0,0,0,0,0,0,0,0,0,0,0,0,1
C1247,0,1,1,0,0,0,0,0,0,0,1,0,0,1,0,0,0,5,0,0,0,0
C1248,0,0,6,0,0,0,0,0,0,0,1,0,0,1,0,0,0,0,0,0,0,0
S1249,0,1,1,0,0,0,0,0,4,1,0,0,0,0,7,0,0,0,0,0,0,1
C1250,3,0,3,0,0,0,0,0,0,0,0,0,0,0,2,0,5,0,0,0,0,1
G1251,1,0,0,0,0,0,0,0,0,0,0,0,0,0,0,0,1,0,0,3,0,5
S1252,0,0,0,0,1,0,0,0,0,1,3,1,0,5,0,0,2,0,0,0,0,0
C1253,4,0,0,0,0,0,0,1,0,0,0,0,0,0,2,0,1,6,0,0,0,1
C1254,0,0,2,5,2,0,0,0,0,0,1,0,0,1,0,0,0,0,0,0,0,1
K1255,0,1,0,4,0,0,0,0,0,0,0,0,0,0,0,0,3,0,0,0,0,0
F1256,5,0,1,0,0,0,0,0,1,0,5,0,0,0,0,0,0,2,0,0,0,0
D1257,1,0,6,4,0,0,0,0,1,0,0,0,0,0,0,0,0,0,0,1,0,0
E1258,0,0,0,0,0,0,0,1,0,0,0,0,0,0,0,5,1,0,2,0,0,0
D1259,0,2,0,3,0,3,0,1,0,0,0,0,0,0,0,2,0,5,0,0,0,0
D1260,0,0,0,5,0,1,0,2,0,0,0,0,0,1,0,0,2,0,0,1,0,0
S1261,0,0,2,1,0,0,0,0,2,0,1,1,0,2,0,0,0,1,0,0,0,0
E1262,1,0,0,0,2,0,2,0,0,0,0,0,0,0,0,1,5,0,2,0,0,1
P1263,1,0,2,0,6,0,0,0,1,0,15,0,0,0,0,0,0,0,0,0,0,0
V1264,0,1,0,0,0,0,4,0,0,0,3,0,0,0,0,0,1,0,0,1,0,0
L1265,0,0,0,0,0,0,0,5,0,1,0,0,0,0,3,0,0,0,0,0,0,0
K1266,0,0,1,0,0,0,0,1,0,0,1,5,0,0,0,0,1,2,1,1,0,0
G1267,0,0,0,0,0,0,0,5,0,0,0,0,0,0,0,0,0,0,1,0,0,2
V1268,0,0,0,0,0,0,2,0,0,0,1,1,0,0,1,1,0,0,0,0,0,0
K1269,0,0,0,2,1,0,0,0,0,0,0,2,0,0,0,0,1,2,0,0,0,1
L1270,0,0,0,0,1,0,0,0,0,0,0,0,0,0,3,0,0,0,0,0,0,2
H1271,0,0,6,0,0,0,0,2,2,0,2,0,0,0,0,0,0,0,0,0,0,0
Y1272,2,1,0,0,0,0,0,0,6,0,1,0,0,0,1,0,0,0,0,0,0,0
T1273,2,0,0,2,0,0,2,0,1,0,1,1,0,0,0,1,0,0,0,0,0,0
*1274,0,0,1,0,4,0,0,5,0,0,3,0,0,0,0,1,0,0,0,0,0,0
