,Site,Date,External_ID,Very Rare Pathogens,Hematitis A,Hepatits B,Hepatits C,HIV1/HIV2,Other Bloodborne Viruses,Aichivirus,Rotavirus,Noroviruses,Coxsackieviruses,Enteroviruses,Other Enteric Viruses,Papillomaviruses,Polyomaviruses,Rash or Lesion causing Viruses,Adenovirus,Coronavirus,Influenza A,Parainfluenza,SARS-CoV-2,Rhinovirus,Other Respiratory/Cardiopulmonary Viruses
I100252,ASUT18,230327,0.883036393,0.88326172,0.853091851,0.768936035,0.812043876,0.696517226,0.864663882,0.037097485,0.559633262,0.570285914,0.151841199,0.970858289,0.671695706,0.359684791,0.836111283,0.132650316,0.028147457,0.620059522,0.507728831,0.617457739,0.091088369,0.217293047,0.049904933
I100253,ASUT01,230327,0.135797096,0.14440337,0.42242386,0.208742529,0.470662339,0.490216054,0.669915811,0.537323599,0.955292074,0.833171118,0.66422451,0.397415898,0.406921605,0.512216529,0.238093414,0.597417007,0.607981578,0.668717369,0.454629657,0.798653831,0.725709722,0.070980967,0.058696151
I100254,ASUT05,230327,0.200608085,0.663341313,0.733811543,0.974983166,0.720912907,0.494258998,0.10567325,0.638266087,0.815051954,0.560269666,0.288440255,0.624849509,0.912242889,0.356209757,0.58747814,0.276252471,0.849732179,0.755596643,0.374262772,0.647455907,0.243447677,0.871510791,0.872733997
I100255,ASUT06,230327,0.363411266,0.35073873,0.48012881,0.536360148,0.756314763,0.984485878,0.342248229,0.165916529,0.942217782,0.623275012,0.60775926,0.863773183,0.934172093,0.811351894,0.344173218,0.678578522,0.590661024,0.46666612,0.43795627,0.38035467,0.95188732,0.171373529,0.970630531
I100256,ASUT02,230327,0.845297853,0.937439383,0.363500236,0.941306927,0.62295586,0.741965794,0.298015549,0.941960552,0.693496743,0.959119976,0.891958631,0.866628314,0.863061462,0.756824239,0.842026845,0.63358113,0.665883311,0.33392335,0.027090033,0.169188287,0.789035416,0.327189949,0.341324032
I100257,ASUT04,230327,0.985105529,0.393172357,0.589380427,0.646513261,0.62574025,0.283073291,0.693291468,0.240107318,0.17338047,0.538307129,0.740131189,0.618582716,0.350681678,0.701106284,0.63453381,0.875872677,0.809392248,0.133760917,0.218031477,0.683285735,0.189623332,0.204253108,0.016646662
I100258,ASUT03,230327,0.927126435,0.736179355,0.875641884,0.28680303,0.641053348,0.016960339,0.017103999,0.39847266,0.186877841,0.685752628,0.620230183,0.645811801,0.647576318,0.782211477,0.838917062,0.744163232,0.248419009,0.147799782,0.810868748,0.770498048,0.01104574,0.324494661,0.187768391
I100259,ASUT07,230327,0.829536961,0.948628087,0.734975103,0.639366968,0.373930334,0.264261219,0.337334531,0.78311971,0.650102206,0.173047068,0.658354008,0.098821985,0.37706533,0.518926549,0.290475691,0.108063362,0.13349536,0.649060576,0.289724653,0.862788169,0.370486739,0.134510292,0.683443922
I100260,ASUT08,230327,0.649068299,0.098986569,0.181221367,0.584311496,0.03980796,0.536144191,0.034718724,0.007712411,0.457101634,0.996293679,0.970011856,0.154416484,0.785891893,0.554720482,0.057626944,0.992467249,0.433089044,0.60398117,0.997259755,0.403308261,0.680370259,0.803851359,0.321324844
I100261,ASUT09,230327,0.932119309,0.006076043,0.996334608,0.920136381,0.708557831,0.686538635,0.025727386,0.974765993,0.600013125,0.86602631,0.686701698,0.450415636,0.698649073,0.7264241,0.148718556,0.737367394,0.249915845,0.945319607,0.116379519,0.580237063,0.460371038,0.579968716,0.799910741
I100262,ASUT10,230327,0.370336105,0.944071383,0.962691913,0.924129331,0.392508468,0.309136602,0.007564235,0.130841005,0.039558661,0.849733333,0.941495954,0.401129822,0.019422423,0.028440174,0.018058846,0.368106599,0.655486709,0.858948381,0.4486899,0.924832608,0.787787651,0.73465831,0.633172591
I100263,ASUT19,230327,0.658196008,0.762351879,0.702464537,0.219384624,0.810814039,0.190239761,0.328285221,0.559506163,0.625663663,0.159302055,0.073205933,0.467271034,0.147048747,0.325127626,0.795377353,0.1695483,0.151546618,0.613843252,0.701040806,0.776280108,0.948485731,0.296696558,0.629172244
I100264,ASUT11,230327,0.91079843,0.033805176,0.324919851,0.541571746,0.562789053,0.137173525,0.785647642,0.619394504,0.192968886,0.855907613,0.699309023,0.204483879,0.672671564,0.549914439,0.37611352,0.385461663,0.786838478,0.373807857,0.67725432,0.134521225,0.00705029,0.505269723,0.410369934
I100265,ASUT12,230327,0.065186261,0.986916039,0.946593872,0.140797821,0.295517147,0.698702319,0.203509585,0.687487423,0.458454264,0.877568009,0.356446684,0.38797296,0.187826616,0.036048536,0.445506375,0.630132708,0.910555868,0.918743764,0.57550924,0.842156289,0.775849776,0.262157786,0.844663101
I100266,ASUT15,230327,0.008890218,0.223421402,0.009106741,0.883100937,0.3909919,0.613571189,0.673068872,0.979350256,0.9622927,0.02600328,0.199523528,0.846723143,0.937340663,0.668946478,0.366328428,0.237472804,0.589971005,0.129685277,0.760927162,0.868584919,0.188410854,0.810434854,0.664958606
I100267,ASUT20,230327,0.442963236,0.134822253,0.872021829,0.556834934,0.493133556,0.115711868,0.347805063,0.274095581,0.344453593,0.723959938,0.867417555,0.104763757,0.550985452,0.373773449,0.691132137,0.485935493,0.609010202,0.605097302,0.541778212,0.912019636,0.22512406,0.015152389,0.898355909
I100268,ASUT14,230327,0.237693759,0.045747527,0.595638173,0.29445702,0.647416405,0.540163088,0.748927288,0.064995013,0.281587009,0.827744871,0.567588989,0.528156391,0.730674532,0.042552495,0.583370976,0.379153604,0.426425606,0.616866209,0.058252052,0.216155328,0.49535163,0.489241626,0.708214513
I100269,ASUT16,230327,0.382309374,0.329732716,0.557100471,0.669816181,0.010764488,0.549937826,0.630986125,0.798744644,0.550967595,0.670990177,0.260627146,0.943317187,0.647186969,0.014866525,0.833398433,0.521650528,0.892466138,0.669600052,0.336429941,0.388632466,0.784709991,0.099024524,0.18906853
I100270,ASUT21,230327,0.134241685,0.498936257,0.311967514,0.387720299,0.256126678,0.218179111,0.093730939,0.564564932,0.747435808,0.014351146,0.474351234,0.006908127,0.140431398,0.296617755,0.876622791,0.504677531,0.319367024,0.627405006,0.574959195,0.87171048,0.175492069,0.750501631,0.988769753
I100271,ASUT17,230327,0.62090688,0.456437081,0.175880359,0.867031148,0.886604247,0.708274589,0.685664965,0.906555424,0.34528462,0.99929427,0.463536602,0.029959939,0.390978473,0.627638946,0.729801662,0.950644561,0.964112476,0.35158518,0.862053424,0.116421523,0.844297965,0.406996975,0.429861606
I100272,ASUT18,230403,0.006924666,0.15954301,0.260583429,0.597277063,0.609644657,0.474917797,0.841040465,0.979683454,0.548238928,0.501696522,0.356918444,0.00683489,0.154950144,0.62498862,0.015975537,0.733549355,0.629859684,0.216012406,0.338116864,0.315509318,0.302368058,0.302511116,0.031409252
I100273,ASUT01,230403,0.593720661,0.807189391,0.554101562,0.25079076,0.294522573,0.058415374,0.484926938,0.277429974,0.876627994,0.521216691,0.455778394,0.677284318,0.349113252,0.128417314,0.779031203,0.27012762,0.609924593,0.002216937,0.242432699,0.667771449,0.411035696,0.564087476,0.378942622
I100274,ASUT05,230403,0.352148958,0.40436157,0.211234582,0.80217773,0.993201998,0.426024883,0.853040478,0.732690671,0.706180675,0.547502974,0.807635132,0.927008962,0.156597114,0.509852099,0.588055813,0.859239716,0.592637559,0.528078224,0.504868489,0.063381039,0.162149071,0.320921145,0.962651518
I100275,ASUT06,230403,0.559409895,0.675299141,0.381538266,0.956859131,0.023113028,0.109360685,0.096907246,0.069091354,0.404212061,0.972832713,0.120231568,0.897253598,0.056507976,0.068082806,0.918763467,0.108864273,0.037179564,0.325798798,0.260760657,0.644342813,0.462422127,0.233761288,0.891900659
I100276,ASUT02,230403,0.944813035,0.715036677,0.655375112,0.797812114,0.052502861,0.841479182,0.806388284,0.460876977,0.595575425,0.182256516,0.039516652,0.276226552,0.45653307,0.618083452,0.902679139,0.878287862,0.833063575,0.19172098,0.124219414,0.792841973,0.269761818,0.973465486,0.499328364
I100277,ASUT04,230403,0.483176323,0.169165979,0.317182493,0.572942457,0.729546072,0.077373884,0.081796126,0.670658705,0.845786898,0.646877046,0.190004096,0.614601983,0.911791803,0.941723712,0.003858711,0.871754873,0.417252548,0.713817937,0.316406715,0.106173226,0.160521146,0.361298668,0.037383365
I100278,ASUT03,230403,0.61440901,0.96400427,0.618852463,0.780881719,0.368896923,0.865287976,0.677311713,0.985999302,0.480741877,0.316192622,0.719459625,0.914799113,0.889206547,0.518029896,0.859061879,0.061913384,0.193674807,0.730694847,0.998013028,0.299292139,0.403131505,0.276219381,0.095252204
I100279,ASUT07,230403,0.766999588,0.239641274,0.196041021,0.251711997,0.631538946,0.980488006,0.128672299,0.025128058,0.877396795,0.230452378,0.083092952,0.801457136,0.099316878,0.494404917,0.666377451,0.992052839,0.21580032,0.449935512,0.458233662,0.208157893,0.406456696,0.306472325,0.973622373
I100280,ASUT08,230403,0.827429741,0.762021681,0.170245035,0.677563765,0.182271919,0.202603609,0.920054722,0.74411569,0.735103279,0.831812136,0.475947431,0.867446438,0.161399864,0.313333148,0.470592039,0.00243925,0.508534096,0.54552407,0.169216397,0.481749058,0.036652673,0.919186891,0.217856174
I100281,ASUT09,230403,0.434517555,0.66220095,0.29038283,0.189970555,0.276144806,0.500651652,0.156272211,0.07399251,0.500558284,0.534946518,0.447850249,0.196519377,0.732485327,0.51315062,0.108697699,0.539762976,0.619748471,0.967235091,0.809041103,0.116798726,0.587144581,0.292666217,0.18091053
I100282,ASUT10,230403,0.63720691,0.702803401,0.768778438,0.532668899,0.531984576,0.326250507,0.711074862,0.332361144,0.579927851,0.305747241,0.210372365,0.526358523,0.225160153,0.070732848,0.464277597,0.763268134,0.919824896,0.87246433,0.124445101,0.348547696,0.430008194,0.662877097,0.196183092
I100283,ASUT11,230403,0.833048301,0.731810147,0.139702081,0.318107094,0.258962644,0.254707725,0.00504716,0.57954087,0.736398861,0.640050276,0.796704018,0.244214893,0.296064127,0.271772896,0.26831739,0.732837489,0.30300454,0.516976565,0.390394539,0.958096371,0.814767212,0.135194487,0.030646654
I100284,ASUT12,230403,0.235737359,0.208001991,0.202183977,0.289857486,0.597574343,0.892500274,0.390196589,0.706999168,0.424341828,0.800303729,0.260700106,0.480353067,0.650374936,0.272242563,0.172052299,0.348965823,0.527937062,0.904325962,0.284163685,0.823249991,0.876409493,0.088450255,0.746742976
I100285,ASUT15,230403,0.220606841,0.881475687,0.23307949,0.785995927,0.846357075,0.300030194,0.530492489,0.766447778,0.348365683,0.160161901,0.897830347,0.670122064,0.267704104,0.44204666,0.233154077,0.618161199,0.861395359,0.000835447,0.420979636,0.069956103,0.656356875,0.171345699,0.659539232
I100286,ASUT20,230403,0.990679758,0.003882922,0.997373515,0.119984369,0.920302041,0.141567175,0.601727879,0.084044526,0.436537299,0.311068903,0.409329433,0.382052854,0.857284944,0.242184645,0.863735902,0.115800106,0.390654397,0.479798036,0.715743799,0.457954991,0.305510962,0.17335298,0.267552418
I100287,ASUT14,230403,0.772305671,0.968284785,0.78279467,0.787760277,0.504369857,0.767516631,0.934731195,0.8480878,0.121059042,0.753729883,0.142582167,0.487280098,0.250009096,0.657395886,0.737946658,0.858207465,0.944158702,0.351172729,0.421477646,0.695928898,0.952852514,0.964659199,0.689681149
I100288,ASUT16,230403,0.016665773,0.459492261,0.140823223,0.90731494,0.155481442,0.41999644,0.384768804,0.165524168,0.112264886,0.194162472,0.785766961,0.772365986,0.726078138,0.425291259,0.793933492,0.244778795,0.789189572,0.004038751,0.686488603,0.387770279,0.16519113,0.817055843,0.685724863
I100289,ASUT21,230403,0.454075602,0.126969187,0.142349233,0.855934131,0.774736194,0.154473756,0.963787817,0.78804523,0.037224538,0.553967729,0.853414008,0.582266866,0.491389989,0.596494233,0.781615827,0.010439605,0.661050647,0.758730226,0.173562676,0.716038544,0.716997635,0.251617512,0.671669988
I100290,ASUT17,230403,0.95974989,0.572838383,0.668441941,0.946654961,0.601589141,0.195322414,0.845807047,0.430829031,0.064158968,0.640267293,0.77894057,0.614979571,0.801933393,0.017035644,0.753064465,0.750099481,0.629428794,0.825895073,0.162457997,0.992078802,0.585357478,0.349802748,0.918137052
I102368,ASUT06,230410,0.546234583,0.254530409,0.637591126,0.047434666,0.048467629,0.878014446,0.64943306,0.990947834,0.354955132,0.406352096,0.818067014,0.353365565,0.57432728,0.093351548,0.9577508,0.684877135,0.503460021,0.504690691,0.872604667,0.803218457,0.771550592,0.673542091,0.359826328
I102369,ASUT02,230410,0.451698772,0.09876733,0.486792391,0.501947476,0.609623603,0.276062627,0.925924106,0.577298927,0.025490723,0.633875594,0.417363346,0.518589591,0.145575684,0.316166076,0.053442242,0.354739137,0.691356286,0.250923402,0.189277167,0.003939647,0.188056776,0.034022569,0.048139114
I102370,ASUT04,230410,0.261951908,0.179024987,0.353098318,0.990950675,0.021271542,0.806416149,0.665371305,0.994099544,0.437492516,0.197000776,0.022621946,0.497199559,0.22426563,0.779337753,0.604449267,0.170722326,0.919837514,0.378447354,0.281281647,0.435503153,0.407174024,0.213248956,0.7078668
I102371,ASUT03,230410,0.592792989,0.285678131,0.407102246,0.640135471,0.744370061,0.811050221,0.340528018,0.566338873,0.706217595,0.638549141,0.217585469,0.577643497,0.315648322,0.115003786,0.286057482,0.603495096,0.052466564,0.941497825,0.359743718,0.614977255,0.544332798,0.937179388,0.974881928
I102372,ASUT07,230410,0.670247314,0.079654773,0.060831062,0.233854976,0.724339093,0.062866466,0.183579524,0.812181911,0.03789176,0.567990669,0.851869347,0.466684808,0.299618243,0.483525213,0.491173031,0.46658228,0.162355392,0.959187717,0.857447865,0.416287351,0.856881974,0.991118239,0.304774723
I102373,ASUT08,230410,0.863770258,0.214228453,0.311494914,0.015508886,0.93107008,0.835186276,0.505345684,0.439291455,0.930291796,0.464542505,0.555597394,0.30297386,0.692168553,0.797100698,0.560256937,0.18132891,0.032366386,0.778410297,0.830624648,0.452285185,0.315412721,0.507707303,0.222334793
I102374,ASUT09,230410,0.323568961,0.553009514,0.261454678,0.960457701,0.052053789,0.344769197,0.005270653,0.772774224,0.183502529,0.20283216,0.885496808,0.561259344,0.511133616,0.406458861,0.628037235,0.695678819,0.393968462,0.347591372,0.902319248,0.165102167,0.662005903,0.91934417,0.850190547
I102375,ASUT10,230410,0.306217943,0.165156884,0.573718881,0.587388728,0.389084404,0.52505409,0.552621051,0.758400478,0.361149866,0.894554232,0.193978949,0.604569688,0.909662383,0.650708094,0.578446578,0.136649712,0.73056214,0.744435636,0.130202448,0.779064118,0.200110169,0.540017102,0.53230564
I102376,ASUT19,230410,0.407797288,0.31603094,0.639196127,0.29077595,0.964090478,0.550834201,0.824839585,0.301962769,0.59245931,0.578719758,0.093349424,0.843424482,0.930627183,0.045853581,0.411574648,0.887514457,0.752165768,0.392401552,0.200982249,0.460930809,0.898414878,0.859669171,0.332088714
I102378,ASUT12,230410,0.103149906,0.140969502,0.200197645,0.641543845,0.193233221,0.853839631,0.838381578,0.038365412,0.832246633,0.528216369,0.056576142,0.320502513,0.517939601,0.336421029,0.580204021,0.377265601,0.608868092,0.248687805,0.611831761,0.48588056,0.637199883,0.267939211,0.596059538
I102379,ASUT15,230410,0.685613231,0.208611313,0.944341345,0.84735479,0.309462677,0.297175436,0.723438324,0.498712341,0.985148936,0.291622427,0.445105439,0.35732802,0.414054296,0.346759781,0.728275581,0.752704143,0.855355538,0.125731557,0.849663225,0.240623548,0.908937989,0.606561551,0.920023804
I102380,ASUT20,230410,0.136659629,0.678307099,0.157478904,0.677155506,0.095270752,0.518849174,0.006988121,0.350907503,0.342359384,0.090344224,0.796183026,0.083595574,0.930512074,0.757457522,0.401623809,0.414741749,0.766594523,0.257522776,0.698760718,0.124892054,0.244061623,0.288745423,0.795655174
I102381,ASUT14,230410,0.446814519,0.786045105,0.6768468,0.237046691,0.770289221,0.814570803,0.737640232,0.634981994,0.613812165,0.883518895,0.366668641,0.941202385,0.24203621,0.784942993,0.18877259,0.028647452,0.581953784,0.875781143,0.429258225,0.830318447,0.860297136,0.837772016,0.092808387
I102382,ASUT16,230410,0.033664927,0.809535374,0.462609464,0.508178519,0.883266141,0.849043591,0.67282663,0.283379929,0.279791803,0.514521992,0.669202581,0.562825167,0.129265017,0.5204831,0.890507189,0.586389782,0.034388342,0.149476656,0.850078493,0.713236664,0.404844532,0.078728122,0.331870933
I102383,ASUT21,230410,0.693464163,0.930758397,0.961361648,0.021858183,0.215225322,0.615224485,0.478002803,0.589381022,0.715381723,0.993766502,0.394258517,0.378001205,0.435383787,0.758238606,0.310640618,0.136969795,0.273094941,0.055031967,0.66320834,0.947325356,0.520216277,0.819271549,0.012166241
I102384,ASUT17,230410,0.99142974,0.176059021,0.509954003,0.372066492,0.325707283,0.523823097,0.192813328,0.175427838,0.512793668,0.719461268,0.231817632,0.54876809,0.150149715,0.105112644,0.295248478,0.767002373,0.212716796,0.088068036,0.809011807,0.948466319,0.4615067,0.289215294,0.558306847
I102385,ASUT01,230417,0.477844425,0.863018601,0.545103753,0.703886646,0.577796996,0.28821083,0.979152499,0.641007741,0.170363359,0.611689295,0.365681496,0.303055221,0.567424108,0.386045516,0.285885077,0.595777042,0.460198145,0.088393917,0.525436025,0.9617855,0.303679494,0.00214148,0.393448167
I102386,ASUT05,230417,0.838129295,0.166471239,0.39599563,0.678947776,0.038994827,0.256678923,0.420394844,0.212523048,0.388212366,0.523032996,0.463159074,0.886541063,0.273528316,0.092394877,0.394487589,0.476783941,0.560692997,0.965205992,0.288833851,0.43145255,0.686711911,0.370058041,0.028549183
I102387,ASUT06,230417,0.949941973,0.367206634,0.153341686,0.256178807,0.845774957,0.769123392,0.818419473,0.437537913,0.941858765,0.68301636,0.029915037,0.632065849,0.400397691,0.9716552,0.696983596,0.952428153,0.992025211,0.499078346,0.887656708,0.785558308,0.955456544,0.821769519,0.673890316
I102388,ASUT02,230417,0.134422607,0.803093942,0.800228867,0.969871671,0.596192675,0.846138301,0.324180757,0.375682365,0.124348356,0.930760095,0.748964653,0.785725094,0.12680136,0.712237125,0.208483229,0.657378931,0.235541126,0.24602796,0.911147141,0.113750638,0.164003331,0.47527652,0.021068773
I102389,ASUT04,230417,0.88042657,0.459540991,0.791687888,0.570598055,0.508520967,0.240162851,0.730970083,0.498837979,0.008742405,0.883711318,0.608722361,0.405910937,0.214826218,0.777741749,0.027284111,0.476629203,0.392440709,0.215547604,0.035695859,0.585557136,0.29016272,0.437954928,0.682718818
I102390,ASUT03,230417,0.74358668,0.522669912,0.153924736,0.1902919,0.15370994,0.45081855,0.813072457,0.415412388,0.101979084,0.747318073,0.804518767,0.481808917,0.74600573,0.102011427,0.716531992,0.022944989,0.344383453,0.583146522,0.094969599,0.09516624,0.985990472,0.576831014,0.913006051
I102391,ASUT07,230417,0.508003062,0.393744502,0.8269902,0.192967875,0.448237934,0.074999615,0.422016714,0.010076366,0.723371239,0.226485002,0.08005307,0.082289921,0.670280249,0.619048141,0.988794374,0.971093148,0.849965713,0.185048033,0.882442857,0.679895596,0.556214586,0.175440382,0.8931046
I102392,ASUT08,230417,0.855263252,0.358140084,0.932381037,0.091286298,0.636527495,0.83119869,0.227676803,0.80998428,0.125092984,0.795150002,0.659828519,0.986538595,0.638278716,0.621377643,0.557862469,0.035783013,0.806498676,0.296293577,0.493737356,0.173449775,0.179246399,0.729490872,0.25306953
I102393,ASUT10,230417,0.407608439,0.114645486,0.68648224,0.557732999,0.900353346,0.273725004,0.132071208,0.25077217,0.7895777,0.881623375,0.099286476,0.027852121,0.830497755,0.92077263,0.397373726,0.864223269,0.823404427,0.148223164,0.840330027,0.749223127,0.204660082,0.73702897,0.962267777
I102394,ASUT19,230417,0.357850048,0.626256042,0.593338027,0.654527584,0.326266113,0.862739094,0.49582135,0.452603453,0.182649609,0.951164328,0.152234166,0.837009245,0.126945365,0.919054058,0.328111026,0.632934757,0.166415495,0.588397938,0.492156273,0.261009695,0.706822865,0.687295486,0.083007939
I102396,ASUT12,230417,0.150732027,0.874574916,0.225446734,0.883659868,0.196360969,0.217072779,0.809522373,0.031775082,0.239661332,0.28530697,0.200138133,0.826717447,0.21385963,0.624320059,0.316425771,0.061886463,0.752352434,0.72411162,0.231682076,0.517860886,0.090749969,0.431709243,0.281281032
I102397,ASUT15,230417,0.642843605,0.613376105,0.285376026,0.298294407,0.414706446,0.259961009,0.904978755,0.22457737,0.157172916,0.914301425,0.146028624,0.72342169,0.006270539,0.877259257,0.298466375,0.322844134,0.987545244,0.081759718,0.454118843,0.163520726,0.859843869,0.098753346,0.353282559
I102398,ASUT20,230417,0.884355329,0.053762478,0.428830336,0.34846373,0.860592858,0.228121672,0.840007115,0.875006771,0.366752152,0.331734215,0.203707599,0.408246971,0.928070892,0.962952716,0.236653967,0.131288308,0.813004224,0.021444633,0.553063227,0.460221675,0.47470177,0.552621149,0.291026878
I102399,ASUT14,230417,0.018418368,0.043103349,0.386298344,0.703797085,0.306524188,0.921876712,0.867215302,0.485222229,0.190175601,0.272568769,0.605343069,0.256978935,0.367804796,0.588108349,0.57023797,0.155051391,0.275453096,0.213345166,0.325335463,0.503412027,0.771585884,0.139029451,0.046689625
I102400,ASUT16,230417,0.928221985,0.075662967,0.011448453,0.710873238,0.70194258,0.403508175,0.795244805,0.258887009,0.377138173,0.76837641,0.025407659,0.454630201,0.94831243,0.215776944,0.727493765,0.209726819,0.744439041,0.864967839,0.136682252,0.337421463,0.270089607,0.477803027,0.167439244
I102401,ASUT21,230417,0.555427404,0.298673934,0.358494545,0.34703338,0.316506516,0.389570715,0.65977309,0.43255781,0.388101092,0.405445379,0.916822336,0.943851802,0.225195193,0.372027268,0.413514977,0.606693468,0.930885579,0.871897913,0.119687469,0.336391175,0.902939456,0.737024982,0.415159673
I102402,ASUT17,230417,0.293593555,0.886167701,0.816781093,0.904453472,0.204857473,0.050483244,0.00876768,0.938340954,0.515419608,0.894812637,0.300429256,0.258393562,0.983310372,0.492135305,0.727181583,0.493448195,0.169946759,0.002499809,0.117236589,0.837084717,0.919371005,0.845041135,0.952330773
I102433,ASUT01,230424,0.863917689,0.462596343,0.702185313,0.005311406,0.778073527,0.875435288,0.180379064,0.299370187,0.496691852,0.802563438,0.41995237,0.818227898,0.572888315,0.020666429,0.725467274,0.066974223,0.987752053,0.531496272,0.442814045,0.755418959,0.49437846,0.37013918,0.063295902
I102434,ASUT05,230424,0.063518202,0.352584711,0.44674324,0.037797501,0.583891351,0.874569232,0.823350564,0.621609546,0.862741399,0.667674843,0.336180171,0.12054327,0.508689982,0.369546595,0.805155185,0.626121243,0.976166259,0.78185973,0.033596262,0.008961615,0.272864734,0.243203072,0.15725637
I102435,ASUT06,230424,0.100502911,0.563595067,0.397221012,0.987942941,0.552153041,0.035878156,0.50749852,0.43322014,0.761871672,0.885560107,0.27225634,0.034208355,0.097634108,0.723472243,0.949105688,0.683083832,0.17080224,0.122011285,0.65528376,0.065685932,0.680588612,0.351851287,0.641863119
I102436,ASUT02,230424,0.052772216,0.386941343,0.692278803,0.012180418,0.435313519,0.996197037,0.704593514,0.404259569,0.5960899,0.24180751,0.366594109,0.940973652,0.579609904,0.016407234,0.509434438,0.854108364,0.22811887,0.524567203,0.769479833,0.375642197,0.999263368,0.603344105,0.621959432
I102437,ASUT04,230424,0.955693378,0.136230456,0.542178032,0.46137174,0.188414051,0.136442399,0.32264931,0.936797448,0.003296296,0.670890537,0.866123113,0.038202385,0.809213431,0.406323745,0.204586005,0.361293195,0.910759804,0.264847199,0.852152414,0.663748507,0.477016586,0.377999799,0.912432636
I102438,ASUT03,230424,0.457151118,0.081612775,0.478419785,0.396853119,0.163203825,0.661984517,0.925251059,0.093424144,0.29110556,0.179674461,0.039930267,0.61408238,0.736871552,0.447464791,0.106933216,0.330754902,0.291407789,0.027411355,0.220096787,0.550033819,0.561982191,0.910810405,0.638018959
I102439,ASUT07,230424,0.7501689,0.19260175,0.325338428,0.777695341,0.802747313,0.023712665,0.604341056,0.191980261,0.825149627,0.433997769,0.646033035,0.54136758,0.259678446,0.663296104,0.331558327,0.516285059,0.183921336,0.548666272,0.530071014,0.756232309,0.42894669,0.330440752,0.579340796
I102440,ASUT08,230424,0.339811928,0.089124687,0.308567952,0.164530395,0.073491969,0.157474998,0.915462246,0.71693212,0.166575935,0.608290591,0.20097614,0.634456562,0.838888398,0.804066342,0.572290633,0.857175864,0.034801999,0.939595645,0.722626654,0.200566712,0.573320008,0.384549398,0.227377622
I102441,ASUT09,230424,0.939493489,0.080247228,0.204808232,0.918749805,0.476164062,0.790679363,0.586806281,0.195971742,0.21125635,0.89590377,0.927483854,0.341115669,0.313917847,0.36370582,0.917971177,0.221880505,0.765980793,0.486491223,0.990327618,0.076513165,0.141347914,0.202219019,0.36342009
I102442,ASUT10,230424,0.051080582,0.221753143,0.549664754,0.120492135,0.049865592,0.969736726,0.439337326,0.775716192,0.338151198,0.7320868,0.026863661,0.332207172,0.054440948,0.147281192,0.98100252,0.108555525,0.45814634,0.640826375,0.943785086,0.186809039,0.781745775,0.941199897,0.442772002
I102443,ASUT19,230424,0.329586568,0.089091764,0.201358485,0.943731064,0.94962083,0.931112915,0.639380142,0.667085097,0.433093465,0.491838682,0.321564163,0.095488752,0.18764876,0.641808999,0.527065802,0.256521512,0.754007032,0.263163112,0.1363307,0.7063559,0.432943137,0.490570447,0.925908165
I102444,ASUT11,230424,0.90278435,0.4847802,0.782351554,0.795916706,0.700324143,0.119699359,0.181293106,0.594026825,0.484025403,0.882552025,0.998170322,0.891817908,0.000479141,0.250720112,0.288271751,0.196961764,0.873174804,0.325806876,0.113013333,0.431473171,0.036889528,0.272446005,0.33407738
I102445,ASUT12,230424,0.38863351,0.314155032,0.373520003,0.868072029,0.252613357,0.146629502,0.891364178,0.962783095,0.596850751,0.003395757,0.29260844,0.191939055,0.473451007,0.064874933,0.593823858,0.479218919,0.047153472,0.699604285,0.52332013,0.006589975,0.265708402,0.971660445,0.175178091
I102446,ASUT15,230424,0.601176569,0.441221591,0.413567925,0.485248364,0.721214928,0.42211197,0.23296485,0.345957938,0.437433677,0.849791598,0.829475308,0.655602653,0.367022955,0.333930675,0.775758064,0.355450017,0.788097015,0.826382306,0.281756753,0.150664931,0.572055342,0.051376922,0.317535946
I102447,ASUT20,230424,0.748983396,0.325082485,0.316327338,0.041300352,0.842512208,0.55234616,0.883909308,0.531841108,0.199887023,0.513675476,0.777780082,0.545322199,0.518154431,0.930083705,0.993359649,0.643405773,0.268825986,0.222772128,0.119371771,0.085729125,0.901514713,0.703353281,0.997032883
I102448,ASUT14,230424,0.584211875,0.887243853,0.743791996,0.809413526,0.536646933,0.122030014,0.193318618,0.969839073,0.884950877,0.585679466,0.566569396,0.4548447,0.281691487,0.470863458,0.480147629,0.158161456,0.630923628,0.002567561,0.922030776,0.953455033,0.791479635,0.381869896,0.432159609
I102449,ASUT16,230424,0.037222433,0.19532107,0.497094843,0.780617517,0.606312354,0.546264673,0.555793546,0.865023818,0.98892359,0.965719476,0.817564603,0.037219305,0.639165792,0.68348161,0.045904123,0.508736574,0.449903568,0.891729812,0.958780912,0.602686406,0.973547532,0.354845029,0.847419596
I102450,ASUT21,230424,0.320622031,0.534078229,0.280425303,0.508319218,0.297473971,0.56535667,0.041142131,0.449206108,0.227258106,0.013889961,0.246324972,0.722496123,0.358245744,0.947403962,0.644428728,0.527010029,0.151825405,0.522515895,0.035734325,0.896720363,0.583810006,0.847307582,0.318677726
I102451,ASUT17,230424,0.675354025,0.070266238,0.327877868,0.421429279,0.894974553,0.948665063,0.697819876,0.941878136,0.826255463,0.518892842,0.791806307,0.65478882,0.059143677,0.929398492,0.858985236,0.779929723,0.891619999,0.203336558,0.994986341,0.942577517,0.675218295,0.032169603,0.450509734
I102466,ASUT02,230213,0.497561448,0.595158235,0.451046033,0.978829223,0.155241382,0.620532437,0.884182497,0.877669656,0.800935831,0.204250157,0.663865149,0.979741782,0.914937335,0.223579786,0.376866543,0.187559085,0.210486439,0.488557403,0.696867667,0.200944491,0.944978455,0.496396898,0.050474853
I102467,ASUT02,230220,0.391606474,0.169013374,0.040249377,0.421181849,0.932376648,0.299065283,0.370919398,0.280026078,0.36326757,0.025934788,0.53622895,0.424676363,0.057199903,0.536093981,0.130059288,0.360730024,0.116382663,0.072390265,0.931993868,0.902958727,0.155920445,0.088466528,0.556764776
I102468,ASUT02,230227,0.551126597,0.910547336,0.171227752,0.701474573,0.249359741,0.317746099,0.546031717,0.855098008,0.481464227,0.73383935,0.694325184,0.512416557,0.229656513,0.563223315,0.561813991,0.824455963,0.212967972,0.698811144,0.896509045,0.898940346,0.876565818,0.32173915,0.418921265
I102469,ASUT02,230306,0.109305393,0.238711506,0.614931455,0.612819259,0.982343131,0.838742098,0.356086523,0.552659557,0.629626537,0.906042845,0.937950708,0.889608514,0.095154785,0.8056754,0.532201001,0.574345948,0.51795324,0.730213917,0.737238161,0.598121667,0.275356065,0.398466205,0.970426637
I102470,ASUT14,230213,0.328762097,0.67103808,0.863929507,0.10861427,0.72469396,0.688802107,0.315273354,0.288415686,0.400769176,0.271782686,0.859795453,0.813451741,0.817612199,0.835345553,0.046794169,0.073611532,0.000842864,0.846549004,0.207372612,0.477064742,0.229363242,0.861538722,0.381347528
I102471,ASUT14,230220,0.467757772,0.418418452,0.465955133,0.910912084,0.286790619,0.349677239,0.145385648,0.086553655,0.97946012,0.104437893,0.04608695,0.378218509,0.557352504,0.892301283,0.752934699,0.465457635,0.792429988,0.859414094,0.161639925,0.021520518,0.344286502,0.811496111,0.302435873
I102472,ASUT14,230227,0.377430951,0.555446069,0.742967905,0.100249852,0.979702977,0.538425416,0.807017215,0.096267287,0.813216972,0.879650455,0.817398535,0.335159166,0.773823927,0.203957808,0.521795819,0.975326459,0.808585869,0.876475291,0.234054799,0.666699416,0.397736137,0.260879032,0.503488851
I102473,ASUT14,230306,0.909605408,0.406895265,0.146500762,0.235720118,0.803646749,0.721158473,0.667451751,0.854372803,0.347264363,0.436216837,0.297358795,0.715857312,0.993831245,0.238559685,0.621703102,0.42027864,0.696914776,0.802887346,0.421911308,0.771527056,0.439698604,0.262369169,0.825536791
I102474,ASUT16,230213,0.80108035,0.726945521,0.002799862,0.023028745,0.136736645,0.50955449,0.864213204,0.901076319,0.523731447,0.38333664,0.921032461,0.986559643,0.697563177,0.616908967,0.118897439,0.378793731,0.286716523,0.219821269,0.188213641,0.906305905,0.924084328,0.905095754,0.816696944
I102475,ASUT16,230220,0.44515322,0.963714713,0.096297157,0.158997911,0.598099976,0.967425851,0.518926053,0.880091154,0.609847522,0.761650945,0.58818759,0.880510303,0.6850413,0.441649561,0.836560569,0.52952675,0.163045165,0.012118543,0.168964577,0.053725506,0.47129922,0.960012047,0.85705406
I102476,ASUT16,230227,0.556318659,0.666292945,0.581058622,0.369737547,0.035321503,0.0670163,0.818888437,0.576375297,0.258001786,0.279148898,0.014320862,0.089872245,0.135934867,0.451274907,0.778447658,0.87537376,0.902077723,0.51658494,0.352779004,0.534809116,0.533417921,0.081792057,0.523123703
I102477,ASUT16,230306,0.285041074,0.861345795,0.850649216,0.618656235,0.218846084,0.917322555,0.325077947,0.552081915,0.997237883,0.079343776,0.924094262,0.289224039,0.802569095,0.446005999,0.279455372,0.998835021,0.742618682,0.313694162,0.165229844,0.539267287,0.32082665,0.312752647,0.203444644
I102478,ASUT01,230213,0.218843219,0.834117937,0.576258837,0.61516978,0.432232403,0.339938833,0.169165543,0.102833626,0.6005502,0.22104077,0.364160195,0.545952275,0.565445663,0.97940624,0.872870717,0.477727123,0.512497672,0.744067117,0.622931371,0.976342788,0.356744034,0.807186478,0.613549469
I102479,ASUT01,230220,0.19583118,0.385234282,0.767680051,0.284180201,0.646307211,0.728559885,0.492122604,0.441636396,0.977885932,0.488666163,0.739480761,0.600309245,0.351457482,0.66031546,0.956713768,0.216229632,0.814608566,0.796989612,0.06760946,0.743696554,0.021816524,0.378759263,0.563364342
I102480,ASUT01,230227,0.222115925,0.418292577,0.984952403,0.354261121,0.086013827,0.000463148,0.424421816,0.862123135,0.032806336,0.448567064,0.407291452,0.671005293,0.119136682,0.184321223,0.353990095,0.782140066,0.607541065,0.787981389,0.6810456,0.190768745,0.709815372,0.753574446,0.316875726
I102481,ASUT01,230306,0.411416222,0.740853898,0.357560582,0.049546787,0.658040483,0.212835778,0.626095362,0.665514079,0.817912716,0.441057821,0.741732491,0.24785325,0.649311642,0.867859935,0.680283088,0.972855787,0.794835587,0.964754984,0.7870616,0.685887873,0.977534464,0.441758913,0.451375672
I103084,ASUT01,230522,0.659075302,0.953134466,0.978039475,0.48144338,0.816968609,0.008695142,0.114659413,0.697509158,0.762751144,0.361770046,0.399955365,0.137400689,0.987672429,0.109620983,0.070868839,0.87983005,0.703125651,0.844485811,0.93947366,0.578866765,0.448220487,0.679896765,0.735911737
I103085,ASUT04,230522,0.81524989,0.994385032,0.895599333,0.927961569,0.083228091,0.881738365,0.462852758,0.89974183,0.955566163,0.002899455,0.60766729,0.919345355,0.065446007,0.198311211,0.707400928,0.262930317,0.325573037,0.798061273,0.009119744,0.487136872,0.197587029,0.605497691,0.060176327
I103086,ASUT03,230522,0.146959474,0.024850158,0.467734293,0.190038536,0.621783741,0.710053782,0.658762673,0.73822055,0.120102966,0.106806457,0.532679606,0.819189902,0.109415987,0.395369972,0.597525167,0.680196364,0.429786482,0.02253622,0.441353073,0.032295351,0.622488008,0.47543371,0.299299822
I103087,ASUT10,230522,0.583269568,0.637525292,0.233595508,0.469632031,0.332731176,0.201269048,0.892628069,0.672876152,0.237051598,0.954746489,0.172514547,0.642989162,0.380617211,0.830904578,0.927483641,0.044944901,0.593145203,0.31083423,0.55901054,0.444816711,0.56540528,0.81569494,0.937610587
I103088,ASUT19,230522,0.115887371,0.863986603,0.417095135,0.894092309,0.216436604,0.028835772,0.829905198,0.822683248,0.906325572,0.00677891,0.6916492,0.485753451,0.548056399,0.826101729,0.752550251,0.819773702,0.058618464,0.995415529,0.472726793,0.155201266,0.806996474,0.450987607,0.326527664
I103089,ASUT15,230522,0.326366916,0.703189014,0.670808647,0.260482447,0.847824785,0.017819892,0.031336186,0.808685662,0.692513756,0.929535591,0.061134493,0.380509988,0.941497118,0.437921287,0.220059549,0.805273877,0.649183693,0.391225704,0.911793571,0.447072031,0.412804178,0.776693348,0.054962445
I103101,ASUT01,230530,0.951333897,0.900778602,0.953094719,0.939931875,0.998325954,0.633981374,0.727499203,0.878636538,0.086140878,0.049305045,0.968070407,0.350910561,0.268038581,0.393812427,0.759819735,0.124746736,0.423927996,0.911295049,0.990259484,0.22191343,0.356901191,0.823051578,0.486877345
I103102,ASUT04,230530,0.469142052,0.184398337,0.384673661,0.069223921,0.72077473,0.378924576,0.482831813,0.490396542,0.732898909,0.577101998,0.576277436,0.419209473,0.535249022,0.603039518,0.641570935,0.340258414,0.73084695,0.784056083,0.640826432,0.20155787,0.009255937,0.601591947,0.008059221
I103103,ASUT03,230530,0.406045823,0.455011199,0.367383446,0.253913988,0.371715669,0.640123523,0.440225449,0.222858819,0.862534667,0.59655822,0.034152273,0.615812728,0.975443661,0.413740604,0.58279363,0.730680835,0.782949243,0.142061949,0.916717067,0.172142786,0.730542683,0.810587391,0.215375476
I103104,ASUT10,230530,0.045025702,0.7614409,0.225714763,0.052657996,0.71361191,0.699274723,0.262747958,0.511112132,0.768172772,0.816575677,0.714870136,0.627797413,0.148131906,0.449081853,0.415266635,0.981446584,0.309279785,0.205125277,0.116086141,0.939611002,0.230922178,0.152785181,0.601290127
I103105,ASUT19,230530,0.560481248,0.672834498,0.728327443,0.082214059,0.484297916,0.343942678,0.990446028,0.565199298,0.129812404,0.995726883,0.046852542,0.092851874,0.675391834,0.376727695,0.400948451,0.283419488,0.623066717,0.255784596,0.480722036,0.727982875,0.337960566,0.536158641,0.56863674
I103106,ASUT15,230530,0.674856209,0.54122081,0.177080842,0.227597562,0.244628409,0.693443624,0.699898364,0.427129935,0.198622839,0.151323476,0.751482307,0.100917725,0.622566638,0.007950724,0.548765987,0.517646619,0.006782686,0.001528067,0.25646609,0.179060972,0.909544195,0.491189252,0.546804055
I103118,ASUT01,230605,0.846848727,0.616878602,0.820302751,0.854948634,0.043800415,0.081415452,0.808220359,0.027453227,0.775738112,0.162205987,0.903759178,0.476402025,0.327063262,0.787082421,0.41844597,0.975157729,0.955211877,0.894191458,0.473438311,0.231371896,0.871558958,0.124983531,0.103015537
I103119,ASUT04,230605,0.977421696,0.327167806,0.561028706,0.219960518,0.075294709,0.641643334,0.403754068,0.559191481,0.024809295,0.940329297,0.256455629,0.558967095,0.071793243,0.507132237,0.322699447,0.226809445,0.11302674,0.47705314,0.407189423,0.939823143,0.215511298,0.072779939,0.960498741
I103120,ASUT03,230605,0.780280293,0.164588597,0.67612054,0.464971138,0.693319204,0.886079184,0.647107195,0.294253332,0.43850866,0.765062624,0.998015572,0.450668474,0.028425783,0.83797694,0.662487714,0.070246736,0.072541608,0.614186636,0.185772056,0.397518456,0.714619369,0.994600273,0.860640702
I103121,ASUT10,230605,0.305356778,0.294914311,0.863656643,0.770523249,0.318316069,0.782540634,0.662719646,0.418717424,0.763847753,0.587022341,0.638307354,0.089526967,0.122676367,0.547587315,0.095658773,0.145800149,0.818329094,0.966602,0.531932685,0.548708347,0.402208448,0.253614513,0.019669728
I103122,ASUT19,230605,0.525653911,0.759684281,0.813726733,0.010510217,0.8930089,0.571640031,0.535937593,0.27383123,0.338260195,0.450533721,0.552595772,0.941899621,0.728257537,0.648678145,0.741806244,0.030005765,0.067237962,0.416564729,0.281922345,0.199643817,0.138182233,0.585606858,0.769958791
I103123,ASUT15,230605,0.709870988,0.832854846,0.264411045,0.879124176,0.471540586,0.0472686,0.076739922,0.178048582,0.384295598,0.000835798,0.413315557,0.343500578,0.572132739,0.183842536,0.074459567,0.943288089,0.268815863,0.667336373,0.087681164,0.57440479,0.75073141,0.327693086,0.523512534
I103135,ASUT01,230612,0.288455613,0.03058514,0.784030965,0.798735265,0.63970806,0.901864615,0.662592031,0.164639375,0.352974757,0.643713445,0.674065135,0.663925826,0.240317885,0.655812889,0.705604545,0.651941608,0.71290612,0.134921743,0.623037422,0.976942744,0.943572034,0.633417977,0.179073062
I103136,ASUT03,230612,0.251514606,0.829102099,0.530297235,0.774366169,0.195575803,0.946291896,0.55474918,0.283517649,0.864273292,0.35310371,0.294925971,0.508411487,0.964994814,0.067617687,0.96665329,0.209654905,0.997051891,0.086305476,0.718205552,0.326332302,0.246813586,0.855541434,0.96362726
I103137,ASUT10,230612,0.436717951,0.261756784,0.787944276,0.537877774,0.801407181,0.010481117,0.231133689,0.254705149,0.344004449,0.027556957,0.343915471,0.546643095,0.112413564,0.092407159,0.31553229,0.195624073,0.839007663,0.340042146,0.297173365,0.585936901,0.445434904,0.181192889,0.040668144
I103138,ASUT19,230612,0.257030957,0.838980439,0.072919717,0.187766798,0.623337817,0.39096822,0.959376824,0.220178921,0.822910116,0.835843804,0.990104338,0.993442305,0.713876671,0.450670681,0.393410584,0.509083949,0.394708826,0.603629021,0.360995654,0.384938976,0.36148522,0.274852101,0.374667389
I103139,ASUT15,230612,0.25655142,0.038427157,0.995289926,0.149740995,0.333681406,0.854729428,0.867144879,0.340996319,0.444965021,0.465143639,0.886060344,0.770047018,0.333180226,0.393112807,0.401112685,0.604606022,0.048110264,0.784905147,0.183313629,0.834553793,0.925337422,0.984263422,0.97347186
I100237,ASUP01,230327,0.842190473,0.807636712,0.552837215,0.710802691,0.193297571,0.818672104,0.200301548,0.508533265,0.912775927,0.056015476,0.372168202,0.529820599,0.16875946,0.569196148,0.899899679,0.038193857,0.389501497,0.484447307,0.475916281,0.101643136,0.577315243,0.140366268,0.554947063
I100238,ASUP03,230327,0.146670461,0.199975735,0.422761841,0.878687221,0.290283681,0.697855793,0.077774875,0.459750862,0.991517932,0.189929084,0.971421691,0.149382846,0.048333076,0.174391231,0.205225433,0.317955856,0.075005838,0.786966558,0.527435542,0.741486761,0.606096046,0.277258196,0.239071197
I100239,ASUP04,230327,0.733964262,0.910666146,0.891889691,0.189683163,0.233981147,0.557913161,0.134295346,0.016218255,0.473233905,0.934253848,0.523309545,0.477558257,0.104384136,0.241458881,0.916622797,0.02500849,0.602904132,0.49619527,0.038419608,0.383811997,0.816059677,0.805658876,0.275624065
I100240,ASUP05,230327,0.020313675,0.00822017,0.629621566,0.941731518,0.759559254,0.006293008,0.344668837,0.790613229,0.692313973,0.595467153,0.707076326,0.030822092,0.103178469,0.164513256,0.232794131,0.117863598,0.851829329,0.393141358,0.994880898,0.158103455,0.011146767,0.279828521,0.955626568
I100241,ASUP06,230327,0.343633925,0.215723986,0.151310755,0.638969238,0.640961115,0.354531623,0.532390962,0.286814105,0.672765342,0.545344864,0.39028125,0.424243614,0.641155345,0.895622254,0.489311144,0.934806703,0.028973186,0.63616585,0.597852565,0.765860419,0.196093763,0.593107725,0.61093726
I100242,ASUP07,230327,0.111872616,0.631607805,0.292350719,0.984873051,0.692998212,0.787748241,0.103016254,0.489534045,0.994337182,0.601338859,0.190740052,0.806560084,0.329248001,0.447180843,0.471144039,0.822690162,0.505717303,0.300683869,0.421648423,0.662383047,0.066034819,0.751378166,0.079032381
I100243,ASUP08,230327,0.893312695,0.645890313,0.562899003,0.550879934,0.085392135,0.775532143,0.523375582,0.803015035,0.565359397,0.043118009,0.338075915,0.067246025,0.369011003,0.108332689,0.406271591,0.758993279,0.099885391,0.524445258,0.045703461,0.006718481,0.023111102,0.154858325,0.627535568
I100244,ASUP01,230403,0.996662888,0.68183842,0.496428101,0.432505964,0.067050629,0.710380152,0.234201317,0.449872085,0.332991753,0.409078467,0.119143042,0.557790705,0.250553928,0.588169393,0.830561933,0.850345294,0.952714755,0.655434054,0.905663496,0.342088507,0.296781015,0.107123761,0.337048126
I100245,ASUP02,230403,0.394412043,0.409883722,0.861456744,0.166126983,0.589247198,0.898229954,0.453623771,0.376047951,0.537565159,0.081553815,0.122490151,0.349756139,0.39759946,0.908348727,0.28810939,0.752907845,0.113583589,0.903114757,0.230622798,0.882856949,0.427368013,0.647895084,0.763645485
I100246,ASUP03,230403,0.858333113,0.207742737,0.761019098,0.775870833,0.898313762,0.283612114,0.00913067,0.824079613,0.665836166,0.623327771,0.139995231,0.153702701,0.913781261,0.648686643,0.673743778,0.623470208,0.925502042,0.106515549,0.554426023,0.818747674,0.010005327,0.818028534,0.733170371
I100247,ASUP04,230403,0.759252772,0.729507708,0.879944072,0.671600997,0.312070284,0.742000135,0.875316037,0.112575548,0.093044108,0.134140683,0.536823679,0.804245336,0.787867017,0.418621639,0.999165179,0.397923006,0.269502986,0.721450639,0.41656786,0.796445982,0.857664657,0.399593878,0.964439883
I100248,ASUP05,230403,0.743248386,0.131804212,0.884094852,0.752740498,0.790015107,0.715984334,0.584532764,0.420779221,0.567874795,0.420039742,0.532109068,0.451280142,0.801614517,0.592424476,0.290913386,0.331723316,0.427810909,0.611920584,0.011780624,0.408473948,0.586586114,0.844091439,0.132602278
I100249,ASUP06,230403,0.960499243,0.518803961,0.141497914,0.271863389,0.805555385,0.755730206,0.064751157,0.214960733,0.43801457,0.614956035,0.402415917,0.35562032,0.826878965,0.097490706,0.940493515,0.061172074,0.967347978,0.530745358,0.240704332,0.815340191,0.4255444,0.345471341,0.339141527
I100250,ASUP07,230403,0.718969987,0.567101758,0.326622803,0.592963539,0.925769304,0.693752373,0.825036325,0.058619398,0.849541663,0.244856136,0.030981759,0.261942401,0.07145995,0.052487227,0.737834503,0.35408598,0.259598758,0.450741012,0.370036901,0.571775487,0.973342237,0.092447643,0.594211663
I100251,ASUP08,230403,0.883796802,0.250262477,0.592125161,0.720529754,0.241028067,0.764784366,0.626863428,0.66254795,0.333795169,0.828798338,0.762184797,0.124833514,0.129211088,0.398068321,0.198856118,0.161940841,0.549817583,0.174350394,0.055328408,0.697077487,0.536982559,0.813560843,0.929590441
I102404,ASUP02,230410,0.175948906,0.785637216,0.578782521,0.130573629,0.067654763,0.55946377,0.042703171,0.42619996,0.506184415,0.102577393,0.514182921,0.328050881,0.028207885,0.076590917,0.012389923,0.677501717,0.319552973,0.37235224,0.040155055,0.180759279,0.138106344,0.486634785,0.832611272
I102405,ASUP03,230410,0.271030219,0.761600382,0.212501428,0.509739424,0.611640736,0.279100961,0.725742925,0.267750949,0.419927673,0.584094361,0.302186627,0.757545513,0.579968122,0.522333663,0.623346156,0.941986603,0.709593743,0.528736953,0.075599317,0.314452427,0.581780389,0.455789209,0.751195482
I102406,ASUP04,230410,0.389333095,0.162538698,0.78512769,0.174729864,0.713033055,0.988183582,0.727945135,0.551176402,0.443067799,0.853441908,0.384675005,0.992000414,0.535532911,0.589985541,0.831056085,0.44870997,0.986853342,0.8696652,0.2102115,0.262062824,0.01965009,0.499393309,0.254591356
I102407,ASUP07,230410,0.191771563,0.932081381,0.131826317,0.327071672,0.610009517,0.765076281,0.717277739,0.906405815,0.667759477,0.965994981,0.491118782,0.009567584,0.16534948,0.234417989,0.502329418,0.17199649,0.121680586,0.79248397,0.99568764,0.41464866,0.931862995,0.629660653,0.041767173
I102408,ASUP05,230410,0.915847402,0.565201873,0.978798972,0.461274851,0.596890333,0.940032014,0.308884056,0.751712585,0.64265594,0.818966266,0.21181504,0.206761576,0.451935812,0.523909126,0.601655643,0.599650207,0.644358658,0.344797627,0.657674106,0.149717727,0.091597031,0.240954435,0.141470499
I102409,ASUP06,230410,0.151631238,0.442669566,0.110135835,0.578114395,0.586612202,0.775725659,0.409051538,0.954491133,0.618653912,0.080096373,0.566333547,0.026481073,0.247213505,0.823349859,0.838648823,0.382343621,0.540877133,0.100632323,0.425280809,0.392887943,0.531773713,0.389752754,0.821875729
I102410,ASUP08,230410,0.483480862,0.853888525,0.333741267,0.132402529,0.682572463,0.177766203,0.787860545,0.187383389,0.204312351,0.923445542,0.807272402,0.740207847,0.426380941,0.013625891,0.08640545,0.335735663,0.833068383,0.478075831,0.872526331,0.912036647,0.266314462,0.884664455,0.315374306
I102419,ASUP01,230417,0.445567957,0.184958167,0.033903734,0.579486699,0.606424165,0.82037975,0.789526542,0.121636385,0.693918462,0.10276817,0.627116168,0.072712563,0.579592704,0.417166308,0.238721709,0.09728385,0.766195893,0.25415873,0.39157158,0.662549908,0.222816705,0.017967617,0.03457837
I102420,ASUP02,230417,0.152164202,0.077429408,0.120177365,0.912311674,0.665648715,0.365144436,0.911607331,0.237021393,0.942399266,0.058895841,0.742858275,0.995707316,0.487039817,0.982524724,0.597675428,0.64066403,0.741684062,0.386416935,0.3161968,0.393668068,0.333452925,0.75680052,0.070932837
I102421,ASUP03,230417,0.155509704,0.61188698,0.975652046,0.640125986,0.340884547,0.36429382,0.225484541,0.71464852,0.816402521,0.236494139,0.326732237,0.682544705,0.066459909,0.008137964,0.805737076,0.601708907,0.874214255,0.268891127,0.213530208,0.326677217,0.007080706,0.793402907,0.986420339
I102422,ASUP04,230417,0.929727542,0.838751762,0.689593317,0.376438315,0.611789276,0.334563257,0.280220045,0.036863104,0.632975344,0.971670373,0.92933838,0.71488556,0.676808004,0.612026902,0.804426649,0.255437662,0.24782666,0.938804912,0.085376136,0.567585741,0.329635456,0.472039044,0.616098124
I102423,ASUP07,230417,0.35470348,0.79764127,0.83279106,0.533848767,0.494340695,0.226862048,0.550266217,0.620038743,0.061914778,0.573108367,0.745470066,0.773844261,0.550433755,0.334971108,0.008216442,0.939625421,0.376570725,0.733853548,0.638299855,0.293832199,0.721344991,0.696942433,0.44855076
I102424,ASUP05,230417,0.565785719,0.410311121,0.136730723,0.832200716,0.204608451,0.712693082,0.096740516,0.836191432,0.120253916,0.771711501,0.104065071,0.095659696,0.559297351,0.138962517,0.802057112,0.976627231,0.160579106,0.835941025,0.307265754,0.542610007,0.628461854,0.784087748,0.286654467
I102425,ASUP06,230417,0.994603201,0.823539798,0.334517412,0.250535512,0.214917017,0.337777858,0.739126859,0.302404018,0.808302748,0.823595929,0.731318773,0.558386196,0.501123113,0.974024373,0.348872281,0.296660987,0.884799508,0.656168249,0.167982984,0.144671927,0.199409943,0.163397833,0.170271262
I102426,ASUP08,230417,0.072129323,0.374917579,0.650206268,0.971202639,0.815563253,0.338255849,0.064711416,0.703407109,0.383667113,0.388045686,0.848011735,0.440448549,0.967712539,0.983221676,0.481480402,0.811196568,0.280888396,0.874079372,0.392827471,0.845503775,0.431224105,0.558430034,0.005403483
I102452,ASUP01,230424,0.23491045,0.815074853,0.511221078,0.433863886,0.47650277,0.458112729,0.398062435,0.032933575,0.943017266,0.585269305,0.336256884,0.125415045,0.656972486,0.090479769,0.493246659,0.649237935,0.994045028,0.738399599,0.710989608,0.434774518,0.364232422,0.110504837,0.454585521
I102453,ASUP02,230424,0.706099754,0.031486851,0.537802582,0.913159214,0.614279045,0.580340925,0.899111177,0.254782108,0.509402633,0.612515627,0.204290411,0.714809279,0.44157108,0.647899069,0.705588564,0.68216755,0.385137178,0.447550849,0.536307986,0.009860132,0.614913642,0.950764249,0.878594099
I102454,ASUP03,230424,0.514607142,0.626638132,0.042272752,0.404243741,0.039623926,0.034361308,0.552065746,0.303130708,0.669051574,0.421100868,0.192978383,0.860114783,0.620479026,0.77795073,0.935761708,0.008000086,0.631265764,0.680742066,0.89298719,0.255947597,0.528408472,0.069042949,0.286286845
I102455,ASUP04,230424,0.664612389,0.449486427,0.096748447,0.43890743,0.229208834,0.108760399,0.748840297,0.656089296,0.915764509,0.771387014,0.618743565,0.991802125,0.83549542,0.065180187,0.226391293,0.812181178,0.483966344,0.993709737,0.776691334,0.913013915,0.784654249,0.00240862,0.345840573
I102456,ASUP05,230424,0.168308407,0.803722776,0.426525252,0.419187717,0.425219107,0.035152794,0.419440603,0.731553605,0.721890153,0.520989117,0.349851823,0.022064001,0.972355891,0.426378793,0.750823725,0.806481977,0.976448962,0.213158368,0.327411915,0.09281631,0.232872812,0.500883309,0.430938438
I102457,ASUP06,230424,0.724245434,0.903070252,0.600593976,0.510935822,0.990752774,0.332864439,0.336139359,0.987194087,0.051367817,0.430951603,0.546438642,0.928814026,0.527069186,0.572469154,0.748886178,0.348480607,0.980433682,0.249280292,0.775558534,0.621787446,0.88448708,0.581399295,0.714476763
I102458,ASUP08,230424,0.08842056,0.975665743,0.155954272,0.073980663,0.76675522,0.738229404,0.067538047,0.339873243,0.292970508,0.634065562,0.715633608,0.484472408,0.495256264,0.082355128,0.703470264,0.197580922,0.337314961,0.755637251,0.197208761,0.772299342,0.729522463,0.15324006,0.841340643
I103090,ASUP01,230522,0.595169712,0.389551795,0.401311911,0.469192172,0.232685759,0.074389526,0.194903948,0.510297423,0.839637183,0.587718136,0.252315281,0.422990955,0.491334683,0.940952364,0.178550234,0.416771331,0.041802327,0.838286547,0.790427628,0.665965421,0.063823253,0.132752609,0.619093905
I103091,ASUP02,230522,0.920067512,0.522267975,0.333247085,0.315264215,0.424214528,0.357123157,0.187825508,0.041740289,0.247831597,0.360904231,0.043767855,0.603770402,0.639690459,0.64050984,0.169963277,0.800895756,0.220610377,0.654812425,0.463811909,0.253589777,0.004798953,0.76604854,0.158870215
I103092,ASUP07,230522,0.463303083,0.842141115,0.1963756,0.874027447,0.767801319,0.050345146,0.797117583,0.503641317,0.824946247,0.744611801,0.725622068,0.807801127,0.214456222,0.747331205,0.517344616,0.666198292,0.313401224,0.108972412,0.761968502,0.691583105,0.947438879,0.257367166,0.282480237
I103093,ASUP08,230522,0.802137818,0.699460896,0.447142316,0.095979346,0.115733695,0.375997853,0.85092399,0.586149735,0.263959432,0.593924561,0.777869514,0.429581547,0.630153364,0.822995732,0.928823013,0.855420458,0.29245902,0.355400585,0.563270445,0.427724609,0.035998449,0.4682341,0.704294045
I103107,ASUP01,230530,0.81533355,0.461796844,0.607843047,0.411011661,0.225162955,0.274181223,0.464880446,0.875555179,0.617995673,0.274382827,0.612816783,0.117046681,0.283773333,0.542152239,0.200215529,0.799213807,0.124139798,0.446517062,0.826254921,0.569692104,0.290274488,0.398782014,0.048283255
I103108,ASUP02,230530,0.339827033,0.532979722,0.333076546,0.509896706,0.924585197,0.157074622,0.222751494,0.732363946,0.017107464,0.24333235,0.498392545,0.696566453,0.138184965,0.349815691,0.153686747,0.51787753,0.969484052,0.817671284,0.451245439,0.191307308,0.474144077,0.637287015,0.898156192
I103109,ASUP07,230530,0.979371144,0.934708485,0.477415717,0.401483413,0.998500717,0.088836405,0.949036649,0.549868748,0.199398813,0.015193248,0.635606134,0.923648351,0.884106826,0.429921966,0.937029948,0.223146605,0.391155866,0.280553897,0.39064713,0.546496736,0.304612963,0.13404271,0.620964135
I103110,ASUP08,230530,0.611723643,0.135363387,0.650187688,0.359343249,0.519933605,0.405874989,0.721500545,0.714907098,0.819288505,0.476617261,0.282102363,0.730643084,0.532265615,0.925837542,0.422571864,0.640410977,0.496414603,0.004805505,0.264325993,0.615090048,0.149484186,0.141266367,0.129754651
I103124,ASUP01,230605,0.684668221,0.990327663,0.973461338,0.977583216,0.831989981,0.786754028,0.780808184,0.841295887,0.849409611,0.616350152,0.762685326,0.450021974,0.698090757,0.588930448,0.692183848,0.738883054,0.032301553,0.050951224,0.626888975,0.594089229,0.00086522,0.58409743,0.038294174
I103125,ASUP02,230605,0.056093321,0.81516442,0.323547608,0.618141227,0.502291118,0.06190655,0.588157447,0.191974954,0.724259314,0.521742018,0.020671117,0.529072182,0.613672364,0.560430773,0.056148684,0.811719697,0.725142335,0.287792091,0.308587365,0.280515588,0.30522469,0.772186028,0.670927521
I103126,ASUP07,230605,0.87124667,0.58244528,0.593877486,0.644998887,0.680126012,0.106121648,0.677974102,0.262554786,0.43158815,0.304564045,0.486701611,0.213530621,0.539969315,0.899508145,0.468338843,0.438974118,0.997063472,0.788517212,0.58440527,0.504638135,0.849038754,0.882955032,0.036097099
I103127,ASUP08,230605,0.054662333,0.546316975,0.024077551,0.615256558,0.792110646,0.662176049,0.629604864,0.47317303,0.575331759,0.46322207,0.735680572,0.838610764,0.735908796,0.882084361,0.403165958,0.696204838,0.651917146,0.553909383,0.261495453,0.779428131,0.66471663,0.018142003,0.866066624
I103140,ASUP1,230612,0.532143418,0.941580877,0.286924232,0.255502683,0.13880027,0.581777708,0.089384376,0.358947582,0.383620272,0.255087229,0.581488089,0.521850395,0.840432929,0.062875697,0.894831545,0.100558543,0.998622812,0.527029851,0.389745263,0.423152779,0.316769339,0.824004709,0.569059998
I103141,ASUP2,230612,0.616944252,0.338625716,0.036833201,0.163941166,0.097460598,0.038952649,0.990563503,0.625051714,0.287754988,0.981360337,0.890085069,0.605482118,0.119794663,0.547471443,0.687805588,0.752987179,0.907671639,0.966296303,0.079699473,0.274721469,0.749076747,0.280862345,0.717461161
I103142,ASUP07,230612,0.09808924,0.261095452,0.303095714,0.770628507,0.716254623,0.364879852,0.608437864,0.214331971,0.156976583,0.82819613,0.63018897,0.652649049,0.766715046,0.887780671,0.363561004,0.220009175,0.182714387,0.664572668,0.460754077,0.896593269,0.597433286,0.628426757,0.63351419
I103173,ASUP8,230612,0.86706972,0.514111241,0.740853482,0.324958013,0.652289828,0.753243248,0.448158829,0.352357287,0.024874914,0.100058506,0.83715545,0.163568251,0.870968035,0.546996627,0.007977214,0.237074077,0.346816866,0.785793217,0.500966917,0.542568111,0.799573097,0.045447114,0.090401397
I100291,ASUW01,230322,0.72476967,0.271231227,0.92774463,0.29067212,0.456382568,0.123993756,0.274366875,0.061978285,0.555122269,0.637641744,0.137680024,0.596415081,0.819030816,0.756859854,0.203532825,0.748432115,0.790572423,0.922976631,0.38389525,0.364499601,0.28761961,0.578299396,0.315467854
I100292,ASUW02,230322,0.618850628,0.985687706,0.159643292,0.639092464,0.417177418,0.770297075,0.703296548,0.580554309,0.112334771,0.913181219,0.014063637,0.868688907,0.886618049,0.264732438,0.643953097,0.313911463,0.045350313,0.203979742,0.862397689,0.75859403,0.098863895,0.757721505,0.36436988
I100293,ASUW03,230322,0.825584872,0.951447438,0.292729917,0.377572412,0.867680533,0.697340431,0.19538594,0.180897961,0.774654752,0.355506365,0.966812494,0.728171507,0.095129365,0.833367588,0.722785589,0.665491186,0.057509411,0.373253378,0.544027484,0.823843535,0.805414453,0.588635809,0.751069058
I100294,ASUW04,230322,0.77909207,0.738087341,0.276456592,0.986001251,0.4578959,0.597952976,0.954366274,0.643588143,0.804811592,0.961241663,0.098339442,0.017431458,0.101591929,0.655348759,0.124416275,0.068250275,0.709818745,0.62734587,0.374498192,0.202509414,0.296268317,0.716126505,0.479432325
I100295,ASUW05,230322,0.555704329,0.782580304,0.333607178,0.562023851,0.31911649,0.370627063,0.693242326,0.657278698,0.075500271,0.22496556,0.114828641,0.754447859,0.796246261,0.76739592,0.910247935,0.441373712,0.828069936,0.39729196,0.378739864,0.477193265,0.113320823,0.13807814,0.135767473
I100296,ASUW01,230329,0.519355594,0.211946027,0.112142342,0.308850008,0.193707689,0.690769627,0.202056201,0.580167148,0.212212332,0.188296787,0.373218101,0.683347809,0.012330301,0.123200191,0.444577444,0.597439705,0.964283106,0.850047327,0.64299396,0.226738187,0.169428936,0.306926976,0.419286731
I100297,ASUW02,230329,0.047035891,0.248601466,0.730765421,0.904091325,0.11966653,0.064606295,0.790286062,0.542607887,0.263459765,0.901037873,0.513390908,0.19441753,0.510610347,0.847674046,0.881395136,0.921642599,0.621254664,0.947742351,0.987671958,0.72044335,0.644858575,0.777107173,0.026158409
I100298,ASUW03,230329,0.326670495,0.849594638,0.299451473,0.340256163,0.78202188,0.163929694,0.922983722,0.816652899,0.496539015,0.297609197,0.686812427,0.63314698,0.969233256,0.206442544,0.64595793,0.319351934,0.623801922,0.235943633,0.45547281,0.107033424,0.921337423,0.961655951,0.274947235
I100299,ASUW04,230329,0.50683613,0.542597916,0.188042545,0.71996128,0.703322263,0.936417234,0.572248603,0.297959809,0.744584098,0.094356542,0.811157171,0.99850202,0.177515699,0.284278381,0.255547861,0.835583786,0.765667867,0.908006142,0.496725066,0.408259665,0.001013469,0.633169678,0.586176787
I100300,ASUW05,230329,0.94374385,0.791924395,0.135313985,0.55688512,0.989144115,0.419495562,0.859987457,0.962031705,0.951274028,0.159886771,0.53620008,0.99224271,0.732773823,0.970117889,0.710299231,0.187171878,0.622335995,0.389727761,0.333039086,0.379832165,0.91858044,0.234144274,0.786915099
I102413,ASUW01,230405,0.465733649,0.997028208,0.918415493,0.217899057,0.603242297,0.872488337,0.201031893,0.036118397,0.180310863,0.645530277,0.580128257,0.158514317,0.876866543,0.504488003,0.970060392,0.820497108,0.893257192,0.592520686,0.18799772,0.121881071,0.945493859,0.721096895,0.232475913
I102414,ASUW02,230405,0.34908688,0.032461544,0.876875513,0.544529413,0.710055737,0.332630698,0.716006632,0.746205257,0.179509784,0.308184383,0.209687648,0.971320721,0.37026512,0.605151444,0.524027487,0.663350598,0.174656162,0.117451985,0.369175147,0.587341544,0.303371244,0.781992933,0.304984788
I102415,ASUW03,230405,0.259610809,0.516580721,0.691803955,0.349480878,0.826507841,0.469698268,0.171213361,0.628449893,0.646196431,0.76634361,0.402364076,0.177276696,0.796649323,0.099900743,0.773930514,0.658664627,0.71939496,0.788781282,0.227800167,0.504688225,0.860806617,0.944417389,0.505887133
I102416,ASUW04,230406,0.924007207,0.650553876,0.590106249,0.53967924,0.620250909,0.048989754,0.893508997,0.363019478,0.70646558,0.239968003,0.646187126,0.271382209,0.030323092,0.267838057,0.136260436,0.407399224,0.097317105,0.644396312,0.744375043,0.355807023,0.206437501,0.141059587,0.344404126
I102418,ASUW05,230406,0.397713987,0.35173659,0.951152149,0.093003587,0.04975056,0.898774976,0.478953445,0.098944629,0.584593712,0.307977241,0.02136254,0.639545684,0.789267996,0.509364004,0.988193151,0.802807552,0.159501624,0.67159362,0.781831369,0.156659681,0.001325544,0.337856913,0.746996828
I102428,ASUW01,230412,0.387569758,0.992984831,0.21620356,0.746464437,0.655936774,0.123939519,0.928090829,0.346241629,0.071778432,0.980007165,0.732911255,0.678155115,0.36849687,0.391954151,0.132485578,0.734876447,0.351532172,0.299634947,0.885293097,0.465263636,0.056878517,0.187157455,0.942053126
I102429,ASUW02,230412,0.408632273,0.546582818,0.189646955,0.743132913,0.013437269,0.499117034,0.1758421,0.138442887,0.488400198,0.03936204,0.218769234,0.430212303,0.518390507,0.963048827,0.706600018,0.377560037,0.99244597,0.984449277,0.068081668,0.580452034,0.264116035,0.621198805,0.952171911
I102430,ASUW03,230412,0.418389108,0.839190441,0.527807606,0.023527006,0.601068315,0.068798215,0.573227265,0.074839556,0.859190501,0.003477059,0.572311297,0.622620618,0.285782897,0.847883681,0.652577538,0.581145921,0.276051243,0.804342247,0.164262073,0.521707415,0.347369184,0.23050008,0.525538373
I102431,ASUW04,230412,0.750096709,0.960526323,0.988165471,0.063032068,0.159621353,0.517237994,0.815753611,0.840400671,0.276243412,0.045615194,0.004799306,0.542030775,0.335462322,0.664079484,0.529413496,0.392245982,0.986579063,0.396950349,0.591310626,0.927193279,0.427944069,0.541339392,0.686754812
I102432,ASUW05,230412,0.324572208,0.017987779,0.780325092,0.839545472,0.415579665,0.682808357,0.070260251,0.012182904,0.338138157,0.805074591,0.51033026,0.366444218,0.166685759,0.518509053,0.251852871,0.118447473,0.109829972,0.258308384,0.232674989,0.470537977,0.615650686,0.436807619,0.74988053
I102461,ASUW01,230419,0.127547828,0.575640422,0.574401733,0.14742529,0.705123135,0.460932313,0.022672527,0.907624375,0.692916909,0.098028458,0.582465726,0.280433568,0.529447674,0.576679584,0.418928856,0.62006638,0.211028811,0.847905317,0.680709492,0.788143454,0.568421006,0.148313458,0.738916524
I102462,ASUW02,230419,0.65680943,0.634727649,0.152841215,0.232780472,0.084281584,0.394443469,0.49731611,0.40863258,0.99836005,0.168504103,0.003660238,0.720555577,0.307673251,0.462726354,0.418229638,0.827860211,0.801526878,0.185898891,0.840222256,0.00458119,0.021862013,0.735862734,0.329395304
I102463,ASUW03,230419,0.149315314,0.414669233,0.072406657,0.512265827,0.177704343,0.762846843,0.490192708,0.808688137,0.847084464,0.992779148,0.610707733,0.702022008,0.569325975,0.60946789,0.223518944,0.646841508,0.673627837,0.821636531,0.165659251,0.607820367,0.175503408,0.169372288,0.622442146
I102464,ASUW04,230419,0.617726411,0.4107531,0.286166664,0.521072951,0.174914253,0.493784522,0.179478554,0.802243057,0.611416094,0.626568805,0.027421963,0.740600818,0.047394705,0.849221086,0.812764964,0.614806291,0.380647413,0.768871299,0.189129423,0.39451601,0.911521894,0.050628895,0.160258152
I103080,ASUW04,230510,0.912408398,0.927634904,0.987894029,0.965874204,0.165799649,0.125794942,0.861101365,0.511539847,0.4683433,0.377011934,0.136815868,0.092643764,0.013764399,0.947454405,0.986346529,0.911274985,0.917135373,0.830922019,0.577663211,0.532411628,0.542635781,0.929588863,0.099996202
I103081,ASUW05,230510,0.496879793,0.734082007,0.619125064,0.152559481,0.350341587,0.153513944,0.535552374,0.253662205,0.627085343,0.674338291,0.018145743,0.376067921,0.877682721,0.167973963,0.988610909,0.54651983,0.737948086,0.165004601,0.159043828,0.350323434,0.384634478,0.229475652,0.469172026
I103094,ASUW01,230517,0.059695016,0.463958117,0.376426046,0.341716785,0.432103079,0.793067847,0.935718661,0.584393046,0.945830566,0.975825793,0.140200334,0.546656077,0.216846461,0.511608733,0.792693654,0.252513588,0.883287664,0.308515771,0.192832219,0.405896882,0.928542343,0.812798136,0.942754134
I103095,ASUW02,230517,0.110214326,0.586569856,0.08023062,0.677410203,0.362388705,0.1432699,0.621267434,0.257461792,0.379330782,0.656869604,0.770804229,0.170416859,0.745137521,0.714912644,0.257273765,0.776314144,0.040116015,0.424780239,0.649826768,0.102779697,0.8323585,0.140221227,0.022012298
I103096,ASUW03,230517,0.260350629,0.930052395,0.806530688,0.946944396,0.617312241,0.484269456,0.241156411,0.028295338,0.072390061,0.470642208,0.899275212,0.80328698,0.862719716,0.686358136,0.238171037,0.304614858,0.666706897,0.154640775,0.454628087,0.069341655,0.661191777,0.366848102,0.770067908
I103097,ASUW04,230517,0.038906587,0.520776515,0.8354105,0.970076224,0.074527559,0.572806556,0.650040923,0.177899798,0.199271263,0.583577324,0.957339897,0.311645016,0.570093842,0.376854682,0.285533184,0.515751841,0.708425379,0.171601015,0.330213948,0.398573785,0.042770091,0.998592275,0.074393236
I103098,ASUW05,230517,0.478707922,0.439041903,0.254287893,0.297425738,0.689589772,0.881643823,0.347814015,0.167565642,0.310179874,0.661769574,0.143779069,0.174931439,0.462470346,0.470126317,0.896059744,0.818437219,0.430676387,0.412030569,0.382430641,0.116064302,0.952974892,0.9121014,0.104851089
I103111,ASUW01,230524,0.460918787,0.282709854,0.007290523,0.06400784,0.513284567,0.186981596,0.490443852,0.300645965,0.749066453,0.372992493,0.878886789,0.789793299,0.482850778,0.565929623,0.259776579,0.211673027,0.022765643,0.087555953,0.12406151,0.31302896,0.196297642,0.512438162,0.662871193
I103112,ASUW02,230524,0.375816343,0.377818194,0.745917016,0.769850525,0.1906935,0.559496479,0.716311799,0.768010028,0.597100789,0.488361666,0.070359618,0.191773486,0.965621648,0.317766124,0.132094037,0.731579734,0.535356908,0.67730069,0.16176976,0.297265863,0.469981226,0.779847481,0.07085809
I103113,ASUW03,230524,0.550161785,0.564945662,0.301935119,0.559626148,0.844478929,0.84334793,0.102960687,0.314151354,0.684445639,0.156091274,0.147392124,0.83508023,0.913762611,0.485218745,0.021364156,0.046238181,0.476967007,0.614372607,0.626576763,0.205219034,0.51610666,0.654266691,0.494425514
I103114,ASUW04,230524,0.798821326,0.940172308,0.298373017,0.177178518,0.767370601,0.909033013,0.530296638,0.669116436,0.92076192,0.562438573,0.925949147,0.857104422,0.293819519,0.766155301,0.628428842,0.870135967,0.88981196,0.13601449,0.262392282,0.789749461,0.538121517,0.892341293,0.704492251
I103115,ASUW05,230524,0.89395643,0.513919609,0.807488964,0.066545646,0.867067189,0.268842021,0.636929533,0.582360932,0.929510233,0.20328009,0.832060429,0.45423165,0.819595712,0.116140371,0.854628256,0.621939612,0.342050825,0.552958503,0.893671824,0.844853116,0.419882923,0.352741259,0.989872611
I103128,ASUW01,230601,0.91892551,0.45625672,0.853766328,0.354081789,0.911471808,0.361713877,0.870968418,0.646325485,0.279386431,0.158425727,0.084030277,0.045804052,0.236131903,0.182066844,0.91372028,0.620386702,0.134107484,0.552402138,0.936738495,0.187582756,0.634504781,0.383215677,0.47285416
I103129,ASUW02,230601,0.829196811,0.783874104,0.902239779,0.508869109,0.992278759,0.432126145,0.206416946,0.958445512,0.890788452,0.244280804,0.335850548,0.736646339,0.679223281,0.879911777,0.307857007,0.649171222,0.946404541,0.898879735,0.976246326,0.044224233,0.523255689,0.788422236,0.390038806
I103130,ASUW03,230601,0.727208659,0.311995504,0.91536892,0.835942144,0.973515442,0.712639077,0.280118799,0.553882537,0.837913242,0.390011163,0.42096448,0.088029425,0.5866828,0.597069333,0.888935464,0.476349831,0.133895658,0.362552614,0.703676781,0.577841108,0.133530504,0.208945701,0.130790228
I103131,ASUW04,230601,0.903057248,0.101184021,0.639202301,0.647570957,0.136724165,0.017162928,0.661423004,0.861807131,0.752631231,0.904887056,0.357850425,0.158624701,0.432147017,0.409056005,0.965765255,0.743626533,0.870534774,0.368880507,0.469987856,0.706103605,0.271593079,0.34991168,0.171435341
I103132,ASUW05,230601,0.391637713,0.926224077,0.280910213,0.392195207,0.31737985,0.205447927,0.56111242,0.415798295,0.222603448,0.849093749,0.320599776,0.032245406,0.360539019,0.236042932,0.259800107,0.397002314,0.110439774,0.926649356,0.523522023,0.655193214,0.853857997,0.381037862,0.292829438
I103171,ASUW01,230607,0.996604325,0.377938154,0.099135104,0.194231245,0.445698718,0.208341682,0.345703112,0.897498926,0.203771944,0.260869265,0.912856516,0.831572044,0.566662113,0.718308894,0.063026482,0.461407063,0.259717989,0.28753614,0.152215182,0.947094527,0.953422801,0.966460159,0.428023482
I103172,ASUW02,230607,0.464145165,0.18244331,0.457777122,0.648206774,0.639310049,0.654293274,0.975398207,0.945030343,0.797362232,0.402265489,0.454895545,0.986663078,0.673284478,0.389827502,0.146957742,0.62603811,0.885124544,0.480221741,0.369929588,0.073290306,0.995296755,0.54172734,0.474771549
I100234,ASUDT02,230322,0.109312288,0.83703788,0.138665858,0.477299449,0.35503394,0.894899793,0.406779706,0.631500508,0.657852128,0.660993661,0.86734892,0.908883016,0.553732429,0.541064154,0.973862504,0.556717475,0.183156087,0.261825611,0.947412673,0.266397374,0.345960368,0.663376504,0.631145675
I100235,ASUDT01,230329,0.041423034,0.37200376,0.927974998,0.868518919,0.328418741,0.003117872,0.057582237,0.259648833,0.741396186,0.026869048,0.990495846,0.7784738,0.156440589,0.616133101,0.002408041,0.725866797,0.254123091,0.264966854,0.426915564,0.031927176,0.152480639,0.329032172,0.485239208
I100236,ASUDT02,230329,0.670468137,0.281522455,0.656058935,0.33571144,0.598046677,0.430608807,0.452443213,0.243951926,0.21201453,0.48407274,0.759352409,0.390495817,0.89519597,0.769030223,0.10956568,0.58336182,0.551307567,0.783204952,0.239075153,0.828669153,0.251965316,0.094933093,0.791581459
I102411,ASUDT01,230405,0.497201239,0.632799771,0.469682045,0.1220032,0.468917185,0.046773861,0.061334151,0.648224966,0.192100176,0.13727403,0.613751011,0.9976517,0.418919029,0.77133427,0.990109008,0.95106129,0.542749185,0.710541418,0.947078688,0.241721314,0.149245376,0.281517817,0.307342862
I102412,ASUDT02,230405,0.967701119,0.453778265,0.034341824,0.210799257,0.061175003,0.488887162,0.299786727,0.982373311,0.653526194,0.654397411,0.951984347,0.110396321,0.394518927,0.556412666,0.220446729,0.281013259,0.785871389,0.003312516,0.330544008,0.877794452,0.68550712,0.511305721,0.991463172
I102427,ASUDT02,230412,0.549021989,0.047048417,0.58378127,0.431636029,0.451670818,0.79738354,0.242202849,0.843271547,0.969321113,0.166804895,0.656202559,0.864022722,0.364661799,0.438335174,0.323826838,0.634046936,0.936128757,0.19342238,0.610975673,0.014281255,0.366601041,0.005229706,0.825717809
I102459,ASUDT01,230419,0.593887579,0.533096115,0.158930611,0.117714285,0.397172829,0.508846937,0.552789788,0.492979596,0.352546562,0.101233733,0.227948233,0.141692155,0.995094415,0.455009952,0.376833159,0.921160682,0.206328194,0.672002991,0.733078358,0.310162034,0.08338401,0.802169952,0.648863198
I102460,ASUDT02,230419,0.948153147,0.994761849,0.252288003,0.608280231,0.413456636,0.933574328,0.393808346,0.667275812,0.908139143,0.55678634,0.948598811,0.052297705,0.508431701,0.78759202,0.170300256,0.296357699,0.87728396,0.322485456,0.044970581,0.36027731,0.603025212,0.828043259,0.935898498
I103082,ASUDT01,230510,0.641991124,0.960590631,0.9818982,0.701077976,0.252432926,0.461781461,0.298907259,0.689223515,0.255043423,0.169531975,0.848667853,0.757162026,0.260274738,0.390012602,0.334093817,0.841849133,0.377138868,0.422220992,0.280580132,0.729257187,0.447636702,0.929552599,0.243777496
I103083,ASUDT02,230510,0.187392797,0.563164191,0.328232599,0.338182574,0.639743249,0.053738873,0.583791476,0.436862245,0.180583864,0.981907646,0.332927957,0.476963174,0.170382718,0.180989708,0.932976307,0.341708065,0.739824859,0.284898235,0.677989358,0.832147969,0.81731419,0.639852528,0.142162686
I103099,ASUDT01,230517,0.298560374,0.283117573,0.178921781,0.514873243,0.736824879,0.872574756,0.181221048,0.464605369,0.626633489,0.233627109,0.337535097,0.816088245,0.388881319,0.993799071,0.272232201,0.314120361,0.89479125,0.740189703,0.860435915,0.258179308,0.05932445,0.191212043,0.916286143
I103100,ASUDT02,230517,0.621496735,0.125988658,0.908114286,0.651489835,0.911678385,0.932114466,0.439988726,0.459916423,0.499484966,0.997657949,0.03190609,0.188548849,0.725005184,0.341128711,0.638838765,0.942472045,0.295990197,0.550768285,0.399387125,0.280603822,0.688619289,0.294363512,0.118672401
I103116,ASUDT01,230524,0.501975624,0.905294494,0.060408831,0.732689725,0.08595353,0.962197727,0.964612833,0.016888469,0.242944688,0.326895784,0.646953208,0.290472081,0.133345155,0.542995259,0.480048929,0.057733508,0.464746767,0.086499939,0.907487889,0.249383748,0.65912693,0.879660459,0.515885974
I103117,ASUDT02,230524,0.717354944,0.521477527,0.976060673,0.617486947,0.52124429,0.454969183,0.27114026,0.066465811,0.204268158,0.753358591,0.664870873,0.55073596,0.222926253,0.295274357,0.238239576,0.056631568,0.392994805,0.327902319,0.22132268,0.520045582,0.392907569,0.354068167,0.724795411
I103133,ASUDT01,230601,0.533988191,0.286784482,0.789363522,0.084958738,0.103372721,0.151604307,0.280175722,0.317571367,0.014463655,0.403431768,0.68961164,0.243649382,0.950308121,0.597439664,0.626543443,0.461030892,0.845141605,0.822851884,0.046592067,0.770427417,0.038875019,0.583320377,0.973886642
I103134,ASUDT02,230601,0.730599735,0.404309634,0.168939404,0.946621228,0.066589299,0.205012444,0.129539662,0.60107269,0.090103985,0.251517469,0.037529845,0.31302787,0.200217491,0.035693629,0.452436779,0.450965085,0.595061247,0.812038016,0.993273004,0.538465623,0.304365308,0.821042171,0.966334684