COVIDSeq_Seq_ID,External_ID,Date,Site,BQ.1.1,XBB.1.5,BQ.1,XBB,BA.5,BN.1,BF.7,BA.2.75,BA.5.2.6,BF.11,BA.4.6,BA.2,BA.2.75.2,BA.4,BA.1.1,B.1.1.529,BA.2.12.1,Delta,Other_recombinants,Other,Filtered_reads
I99106,AWMW2,230209,ASUW02,0,0.8333332,0,0.16666664,0,0,0,0,0,0,0,0,0,0,0,0,0,0,0,0,1.60E-07
I98891,AWMT408,230206,ASUT04,0,0.79926008,0,0,0,0,0,0,0,0,0,0.19930952,0,0,0,0,0,0,0,0,0.0014304
I98895,AWMT412,230206,ASUT09,0,0.99956785,0,0,0,0,0,0,0,0,0,0,0,0,0,0,0,0,0,0,0.00043215
I98922,AWMT439,230220,ASUT02,0,0.98571401,0,0,0,0,0,0,0,0,0,0,0,0,0,0,0,0,0,0.0138868,0.00039919
I98908,AWMT425,230213,ASUT03,0,1,0,0,0,0,0,0,0,0,0,0,0,0,0,0,0,0,0,0,0
I98926,AWMT443,230220,ASUT08,0,1,0,0,0,0,0,0,0,0,0,0,0,0,0,0,0,0,0,0,0
I98918,AWMT435,230213,ASUT17,0.167418,0.0272994,0.03850614,0.04855122,0.2427561,0.04687704,0.0418545,0.11384424,0,0.01004508,0,0.1590471,0.01506762,0.00167418,0,0.00334836,0.01004508,0,0.06027048,0.01339344,2.02E-06
I98921,AWMT438,230220,ASUT06,0,0.37333352,0,0.2666668,0.00166666,0.03833318,0,0.10166626,0,0,0,0.13999944,0.00999996,0,0,0,0,0,0.06166654,0.00666664,1.00E-06
I98925,AWMT442,230220,ASUT07,0,0.99999999,0,0,0,0,0,0,0,0,0,0,0,0,0,0,0,0,0,0,1.00E-08
I98892,AWMT409,230206,ASUT03,0,0.8043508,0,0.19453665,0,0,0,0,0,0,0,0,0,0,0,0,0,0,0,0,0.00111255
I99105,AWMW1,230209,ASUW01,0,0,0,0,0.38980262,0.0436366,0.07200039,0.14181895,0.02618196,0.01090915,0,0.2400013,0.01090915,0,0,0,0.01333046,0,0.03927294,0.00872732,0.00340916
I99101,AWMT448,230220,ASUT15,0,0.9993933,0,0,0,0,0,0,0,0,0,0,0,0,0,0,0,0,0,0,0.0006067
I98896,AWMT413,230206,ASUT10,0,0.99955188,0,0,0,0,0,0,0,0,0,0,0,0,0,0,0,0,0,0,0.00044812
I98898,AWMT415,230206,ASUT12,0,0.98882686,0,0.0111732,0,0,0,0,0,0,0,0,0,0,0,0,0,0,0,0,-6.00E-08
I98916,AWMT433,230213,ASUT14,0,0.99979601,0,0,0,0,0,0,0,0,0,0,0,0,0,0,0,0,0,0,0.00020399
I98901,AWMT418,230206,ASUT16,0,0,0,0,0.73684212,0,0.19298246,0,0,0,0,0.00877193,0,0,0,0,0,0,0.04385965,0.01754386,-2.00E-08
I98905,AWMT422,230213,ASUT06,0,0,0,0,0,0.2258831,0,0.63247268,0,0,0,0.02258831,0.09299525,0,0,0,0,0,0.02606053,0,1.30E-07
I98912,AWMT429,230213,ASUT10,0,0.56369699,0,0.43590712,0,0,0,0,0,0,0,0,0,0,0,0,0,0,0,0,0.00039589
I98902,AWMT419,230206,ASUT17,0.20535665,0,0.03749991,0.00178571,0.17678529,0.0535713,0,0.13928538,0,0,0.01249997,0.24464227,0.01607139,0.03214278,0,0.00357142,0.01071426,0,0.0535713,0.01249997,2.40E-06
I98915,AWMT432,230213,ASUT15,0,0.47377746,0,0.52622253,0,0,0,0,0,0,0,0,0,0,0,0,0,0,0,0,1.00E-08
I98911,AWMT428,230213,ASUT09,0,0.99947575,0,0,0,0,0,0,0,0,0,0,0,0,0,0,0,0,0,0,0.00052425
I98906,AWMT423,230213,ASUT02,0,0.04244032,0,0.09814324,0,0.07161804,0,0.19363396,0,0,0.01856764,0.36339524,0.02387268,0.04509284,0,0.00530504,0.01856764,0,0.09814324,0.02122016,-4.00E-08
I98928,AWMT445,230220,ASUT10,0,0.99983818,0,0,0,0,0,0,0,0,0,0,0,0,0,0,0,0,0,0,0.00016182
I99108,AWMW4,230216,ASUW01,0,0,0,0.91548061,0,0,0,0,0,0,0,0,0,0,0,0,0,0,0.08322551,0,0.00129388
I98888,AWMT405,230206,ASUT01,0,0.089697,0,0.179394,0,0.1913536,0,0.3946668,0,0,0,0,0.0478384,0,0,0,0,0,0.0777374,0.0193131,-3.00E-07
I98907,AWMT424,230213,ASUT04,0,0.99982364,0,0,0,0,0,0,0,0,0,0,0,0,0,0,0,0,0,0,0.00017636
I98910,AWMT427,230213,ASUT08,0,1,0,0,0,0,0,0,0,0,0,0,0,0,0,0,0,0,0,0,0
I98914,AWMT431,230213,ASUT12,0,0.994819,0,0.0048325,0,0,0,0,0,0,0,0,0,0,0,0,0,0,0,0,0.0003485
I98903,AWMT420,230213,ASUT01,0,0.99999998,0,0,0,0,0,0,0,0,0,0,0,0,0,0,0,0,0,0,2.00E-08
I99109,AWMD1,230209,ASUDT01,0,0,0,0,0,0,0,0,0,0,0,0.99877942,0,0,0,0,0,0,0,0,0.00122058
I98889,AWMT406,230206,ASUT05,0,0.99999998,0,0,0,0,0,0,0,0,0,0,0,0,0,0,0,0,0,0,2.00E-08
I98899,AWMT416,230206,ASUT15,0,0.4994463,0,0.46614988,0,0,0,0,0,0,0,0,0,0,0,0,0,0,0.03329642,0,0.0011074
I98913,AWMT430,230213,ASUT11,0,0.3179442,0,0.6585987,0,0,0,0,0,0,0,0,0,0,0,0,0,0,0.0227103,0,0.0007468
I98904,AWMT421,230213,ASUT05,0,0,0,0,0,0,0,0,0,0,0,0,0,0,0,0,0,0.00155763,0,0.99844083,1.54E-06
I98900,AWMT417,230206,ASUT14,0,0.99857043,0,0,0,0,0,0,0,0,0,0,0,0,0,0,0,0,0,0,0.00142957
I98917,AWMT434,230213,ASUT16,0,0.994737,0,0.00455059,0,0,0,0,0,0,0,0,0,0,0,0,0,0,0,0,0.00071241
I98924,AWMT441,230220,ASUT03,0,0.99918855,0,0,0,0,0,0,0,0,0,0,0,0,0,0,0,0,0,0,0.00081145
I98920,AWMT437,230220,ASUT05,0,0,0.00310881,0,0,0,0,0,0,0,0,0,0,0.99337918,0,0,0,0,0,0,0.00351201
I99099,AWMT446,230220,ASUT11,0,0.99879921,0,0,0,0,0,0,0,0,0,0,0,0,0,0,0,0,0,0,0.00120079
I98919,AWMT436,230220,ASUT01,0,0,0,0,0,0,0,0,0,0,0,0,0,0,0,0,0,0,0.99901036,0,0.00098964
I98897,AWMT414,230206,ASUT11,0,0,0,0,0,0,0,0,0,0,0,0,0,0,0,0,0,0,0,1,0
I99100,AWMT447,230220,ASUT12,0,0,0,1,0,0,0,0,0,0,0,0,0,0,0,0,0,0,0,0,0
I99104,AWMT451,230220,ASUT17,0,0.9995056,0,0,0,0,0,0,0,0,0,0,0,0,0,0,0,0,0,0,0.0004944
I98893,AWMT410,230206,ASUT07,0,0,0,0,0,0,0,0,0,0,0,1,0,0,0,0,0,0,0,0,0
I99103,AWMT450,230220,ASUT16,0.15626506,0.02255372,0.03060862,0.04188548,0.30159923,0.0322196,0.03705254,0.10310272,0.01772078,0.0080549,0,0.18543743,0.01127686,0.00161098,0,0,0,0,0.04188548,0.00644392,0.00228268
I98894,AWMT411,230206,ASUT08,0,0,0,0,0.395161,0,0,0,0,0,0,0,0,0,0,0,0,0,0,0,0.604839
I98890,AWMT407,230206,ASUT06,0,0.99616124,0,0,0,0,0,0,0,0,0,0,0,0,0,0,0,0,0,0,0.00383876
I99110,AWMD2,230216,ASUDT01,0,0.45696938,0,0.39168804,0,0,0,0,0,0,0,0,0,0,0.15,0,0,0,0,0,0.00134258
I99107,AWMW3,230209,ASUW03,0,0,0,0.99946584,0,0,0,0,0,0,0,0,0,0,0,0,0,0,0,0,0.00053416
I98887,AWMT404,230130,ASUT17,0,0,0,0,0,0,0,0,0,0,0,0,0,0,0,0,0.85640856,0,0.14273476,0,0.00085668
I98927,AWMT444,230220,ASUT09,0,0.99366299,0,0.006337,0,0,0,0,0,0,0,0,0,0,0,0,0,0,0,0,1.00E-08
I98909,AWMT426,230213,ASUT07,0,0.61069022,0,0,0,0,0,0.32295571,0,0,0,0.0564721,0.00125156,0.00722022,0,0,0,0,0,0,0.00141019
I98923,AWMT440,230220,ASUT04,0,0.99159699,0,0.008403,0,0,0,0,0,0,0,0,0,0,0,0,0,0,0,0,1.00E-08
I99414,AWMT466,230227,ASUT16,0,0.99899072,0,0,0,0,0,0,0,0,0,0,0,0,0,0,0,0,0,0,0.00100928
I99403,AWMT455,230227,ASUT02,0,0.99919705,0,0,0,0,0,0,0,0,0,0,0,0,0,0,0,0,0,0,0.00080295
I99407,AWMT459,230227,ASUT08,0,0.72012591,0,0.27708122,0,0,0,0,0,0,0,0,0,0,0,0,0,0,0,0,0.00279287
I99410,AWMT462,230227,ASUT11,0,0.99927881,0,0,0,0,0,0,0,0,0,0,0,0,0,0,0,0,0,0,0.00072119
I99429,AWMP14,230213,ASUP01,0,0.99723064,0,0,0,0,0,0,0,0,0,0,0,0,0,0,0,0,0,0,0.00276936
I99400,AWMT452,230227,ASUT01,0,0.9992599,0,0,0,0,0,0,0,0,0,0,0,0,0,0,0,0,0,0,0.0007401
I99417,AWMP2,230130,ASUP02,0,0.99643291,0,0,0,0,0,0,0,0,0,0,0,0,0,0,0,0,0,0,0.00356709
I99439,AWMP24,230220,ASUP04,0,0,0,0,0,0,0,0.99813528,0,0,0,0,0,0,0,0,0,0,0,0,0.00186472
I99413,AWMT465,230227,ASUT14,0,0.99767712,0,0,0,0,0,0,0,0,0,0,0,0,0,0,0,0,0,0,0.00232288
I99404,AWMT456,230227,ASUT04,0.76380668,0,0.17937683,0.04989931,0,0,0,0,0,0,0,0,0,0,0,0,0,0,0,0,0.00691718
I99443,AWMP28,230227,ASUP01,0,0.9971418,0,0,0,0,0,0,0,0,0,0,0,0,0,0,0,0,0,0,0.0028582
I99419,AWMP4,230130,ASUP04,0,0.99689864,0,0,0,0,0,0,0,0,0,0,0,0,0,0,0,0,0,0,0.00310136
I99437,AWMP22,230220,ASUP02,0,0.9986024,0,0,0,0,0,0,0,0,0,0,0,0,0,0,0,0,0,0,0.0013976
I99420,AWMP5,230130,ASUP05,0,0.03157677,0,0,0.96689049,0,0,0,0,0,0,0,0,0,0,0,0,0,0,0,0.00153274
I99424,AWMP9,230206,ASUP03,0,0.99943804,0,0,0,0,0,0,0,0,0,0,0,0,0,0,0,0,0,0,0.00056196
I99433,AWMP18,230213,ASUP05,0,0.99995043,0,0,0,0,0,0,0,0,0,0,0,0,0,0,0,0,0,0,4.96E-05
I99423,AWMP8,230206,ASUP02,0,0.9981969,0,0,0,0,0,0,0,0,0,0,0,0,0,0,0,0,0,0,0.0018031
I99434,AWMP19,230213,ASUP06,0,0.9993912,0,0,0,0,0,0,0,0,0,0,0,0,0,0,0,0,0,0,0.0006088
I99409,AWMT461,230227,ASUT10,0,0.0625,0,0,0,0,0,0,0,0,0,0,0,0,0,0,0,0,0.93707025,0,0.00042975
I99430,AWMP15,230213,ASUP02,0,0.99891991,0,0,0,0,0,0,0,0,0,0,0,0,0,0,0,0,0,0,0.00108009
I99427,AWMP12,230206,ASUP06,0,0.99779085,0,0,0,0,0,0,0,0,0,0,0,0,0,0,0,0,0,0,0.00220915
I99444,AWMP29,230227,ASUP02,0,0.99985144,0,0,0,0,0,0,0,0,0,0,0,0,0,0,0,0,0,0,0.00014856
I99440,AWMP25,230220,ASUP05,0,0.99825396,0,0,0,0,0,0,0,0,0,0.00135501,0,0,0,0,0,0,0,0,0.00039103
I99426,AWMP11,230206,ASUP05,0,0.79984753,0,0.19922354,0,0,0,0,0,0,0,0,0,0,0,0,0,0,0,0,0.00092893
I99431,AWMP16,230213,ASUP03,0.74720077,0,0,0.24579131,0,0,0,0.00103778,0,0,0,0,0,0,0,0,0,0,0,0,0.00597014
I99408,AWMT460,230227,ASUT09,0,0,0,0.22951638,0,0,0,0,0,0,0,0,0,0,0,0,0,0,0.76720032,0,0.0032833
I99435,AWMP20,230213,ASUP07,0,0,0,0,0,0,0,0,0,0,0,0,0,0,0,0,0,0,0.99718055,0,0.00281945
I99422,AWMP7,230206,ASUP01,0,0.99915676,0,0,0,0,0,0,0,0,0,0,0,0,0,0,0,0,0,0,0.00084324
I99441,AWMP26,230220,ASUP06,0,1,0,0,0,0,0,0,0,0,0,0,0,0,0,0,0,0,0,0,0
I99442,AWMP27,230220,ASUP07,0,0.99682637,0,0,0,0,0,0,0,0,0,0,0,0,0,0,0,0,0,0,0.00317363
I99432,AWMP17,230213,ASUP04,0,0.88759284,0,0,0.10892465,0,0,0,0,0,0,0,0,0,0,0,0,0,0,0,0.00348251
I99425,AWMP10,230206,ASUP04,0,0.00719512,0,0,0,0,0,0,0,0,0,0,0,0,0,0,0,0,0.99233893,0,0.00046595
I99421,AWMP6,230130,ASUP06,0,0.24862784,0,0.24941037,0,0,0,0.33255931,0,0,0,0,0,0,0,0,0,0,0.00127531,0.16580168,0.00232549
I99436,AWMP21,230220,ASUP01,0,0.99803068,0,0,0,0,0,0,0,0,0,0,0,0,0,0,0,0,0,0,0.00196932
I99418,AWMP3,230130,ASUP03,0,0.999795,0,0,0,0,0,0,0,0,0,0,0,0,0,0,0,0,0,0,0.000205
I99405,AWMT457,230227,ASUT03,0,0.99831383,0,0,0,0,0,0,0,0,0,0,0,0,0,0,0,0,0,0,0.00168617
I99412,AWMT464,230227,ASUT15,0,0.99866362,0,0,0,0,0,0,0,0,0,0,0,0,0,0,0,0,0,0,0.00133638
I99438,AWMP23,230220,ASUP03,0,0.5523987,0,0.21936061,0,0,0,0.2269583,0,0,0,0,0,0,0,0,0,0,0,0,0.00128239
I99416,AWMP1,230130,ASUP01,0,0.95459775,0,0.04302385,0,0,0,0,0,0,0,0,0,0,0,0,0,0,0,0,0.0023784
I99401,AWMT453,230227,ASUT05,0,0.99938856,0,0,0,0,0,0,0,0,0,0,0,0,0,0,0,0,0,0,0.00061144
I99428,AWMP13,230206,ASUP07,0,0.99897595,0,0,0,0,0,0,0,0,0,0,0,0,0,0,0,0,0,0,0.00102405
I99411,AWMT463,230227,ASUT12,0,0.99738527,0,0,0,0,0,0,0,0,0,0,0,0,0,0,0,0,0,0,0.00261473
I99406,AWMT458,230227,ASUT07,0,0.99822528,0,0,0,0,0,0,0,0,0,0,0,0,0,0,0,0,0,0,0.00177472
I99402,AWMT454,230227,ASUT06,0,0.9984228,0,0,0,0,0,0,0,0,0,0,0,0,0,0,0,0,0,0,0.0015772
I99415,AWMT467,230227,ASUT17,0,0.39975208,0,0.59962812,0,0,0,0,0,0,0,0,0,0,0,0,0,0,0,0,0.0006198
I99692,AWMP46,230313,ASUP05,0,0.99999998,0,0,0,0,0,0,0,0,0,0,0,0,0,0,0,0,0,0,2.00E-08
I99685,AWMP39,230306,ASUP05,0,0,0,0,0,0,0,0,0,0,0,0,0,0,0,0,0,0,0,1,0
I99681,AWMP34,230227,ASUP07,0,0,0,0,0,0,0,0,0,0,0,0,0,0,0,0,0,0.00108342,0,0.99891658,0
I99696,AWMT469,230306,ASUT05,0,0,0,0,0,0,0,0,0,0,0,0,0,0,0,0,0,0.00178571,0,0.99821428,1.00E-08
I99675,AWMDT6,230308,ASUDT02,0,0,0,0,0,0,0,0,0,0,0,0,0,0,0,0,0,0,0,0,1
I99672,AWMDT3,230222,ASUDT01,0,0,0,0.99938634,0,0,0,0,0,0,0,0,0,0,0,0,0,0,0,0,0.00061366
I99676,AWMP30,230227,ASUP03,0,0,0,0,0,0,0,0,0,0,0,0,0,0,0,0,0,0,0,1,0
I99686,AWMP40,230306,ASUP06,0,0.40311019,0,0.56084896,0,0,0,0,0,0,0,0,0,0,0,0,0,0,0.03505306,0,0.00098779
I99691,AWMP45,230313,ASUP04,0,0,0,0.99944377,0,0,0,0,0,0,0,0,0,0,0,0,0,0,0,0,0.00055623
I99695,AWMT468,230306,ASUT01,0,1,0,0,0,0,0,0,0,0,0,0,0,0,0,0,0,0,0,0,0
I99682,AWMP35,230306,ASUP01,0,0,1,0,0,0,0,0,0,0,0,0,0,0,0,0,0,0,0,0,0
I99688,AWMP42,230313,ASUP01,0.0235901,0,0.975,0,0,0,0,0,0,0,0,0,0,0,0,0,0,0,0,0,0.0014099
I99678,AWMP37,230306,ASUP03,0,0,0,0,0,0,0,0,0,0,0,0,0,0,0,0,0,0.5,0,0,0.5
I99698,AWMT471,230306,ASUT02,0,0.99949908,0,0,0,0,0,0,0,0,0,0,0,0,0,0,0,0,0,0,0.00050092
I99689,AWMP43,230313,ASUP02,0,0,0,0,0,0,0,0,0,0,0,0,0,0,0,0,0,0.06274009,0,0.93726012,-2.10E-07
I99679,AWMP32,230227,ASUP05,0,0,0,0,0,0,0,0,0,0,0,0,0,0,0,0,0,0.23656287,0,0.76343713,-2.22E-16
I99677,AWMP31,230227,ASUP04,0,0,0,0,0,0,0,0,0,0,0,0,0,0,0,0,0,0.0534276,0.0010476,0.9449352,0.0005896
I99673,AWMDT4,230301,ASUDT01,0,0.99894706,0,0,0,0,0,0,0,0,0,0,0,0,0,0,0,0,0,0,0.00105294
I99683,AWMP36,230306,ASUP02,0,0,0,0,0,0,0,0,0,0,0,0,0,0,0,0,0,0.0514935,0.00102987,0.9474804,-3.77E-06
I99694,AWMP48,230313,ASUP07,0,0.99917128,0,0,0,0,0,0,0,0,0,0,0,0,0,0,0,0,0,0,0.00082872
I99690,AWMP44,230313,ASUP03,0,0.26690504,0,0.73186357,0,0,0,0,0,0,0,0,0,0,0,0,0,0,0,0,0.00123139
I99687,AWMP41,230306,ASUP07,0,0,0,0,0,0,0,0,0,0,0,0,0,0.00553797,0,0,0,0,0,0.333333,0.66112903
I99697,AWMT470,230306,ASUT06,0,0.88859136,0,0.11107392,0,0,0,0,0,0,0,0,0,0,0,0,0,0,0,0,0.00033472
I99680,AWMP33,230227,ASUP06,0,0,0,0,0,0,0,0,0,0,0,0,0,0,0,0,0,0.00138889,0,0.99861111,0
I99684,AWMP38,230306,ASUP04,0,0,0,0,0,0,0,0,0,0,0,0,0,0,0,0,0,0.04978804,0,0.95021004,1.92E-06
I99693,AWMP47,230313,ASUP06,0,0,0,0.999506,0,0,0,0,0,0,0,0,0,0,0,0,0,0,0,0,0.000494
I99674,AWMDT5,230308,ASUDT01,0,0,0,0,0,0,0,0,0,0,0,0,0,0,0,0,0,0,0,0,1
I99742,AWMW17,230308,ASUW05,0,0,0,0,0,0,0,0,0,0,0,0,0,0,0,0,0,0.00792719,0,0.98599695,0.00607586
I99718,AWMT487,230313,ASUT04,0,0.99995463,0,0,0,0,0,0,0,0,0,0,0,0,0,0,0,0,0,0,4.54E-05
I99721,AWMT490,230313,ASUT08,0,0,0,0,0.12500028,0,0,0.02777784,0,0,0,0.07459288,0,0,0,0,0,0,0.69397772,0.075037,0.00361428
I99736,AWMW11,230301,ASUW02,0,0,0,0,0,0,0,0,0,0,0,0,0,0,0,0,0,0,0,0,1
I99732,AWMW7,230222,ASUW01,0,0.99930359,0,0,0,0,0,0,0,0,0,0,0,0,0,0,0,0,0,0,0.00069641
I99725,AWMT494,230313,ASUT12,0,0.99779628,0,0,0,0,0,0,0,0,0,0,0,0,0,0,0,0,0,0,0.00220372
I99735,AWMW10,230301,ASUW01,0,0.41379312,0,0.56896554,0,0,0,0,0,0,0,0,0,0,0,0,0,0,0.01724138,0,-4.00E-08
I99722,AWMT491,230313,ASUT09,0,0,0,0,0,0,0,0,0,0,0,0,0,0,0,0,0,0,0,1,0
I99708,AWMT477,230306,ASUT11,0,0,0,0,0,0,0,0,0,0,0,0,0,0,0,0,0,0,0,1,0
I99726,AWMT495,230313,ASUT15,0,0.94756421,0,0.05238957,0,0,0,0,0,0,0,0,0,0,0,0,0,0,0,0,4.62E-05
I99731,AWMW6,230216,ASUW03,0,0,0,0,0,0,0,0,0,0,0,0,0,0,0,0,0,0.00572318,0,0,0.99427682
I99741,AWMW16,230308,ASUW04,0,0,0,0.9991323,0,0,0,0,0,0,0,0,0,0,0,0,0,0,0,0,0.0008677
I99715,AWMT484,230313,ASUT05,0,0.53333328,0,0.13333332,0,0,0,0.04444444,0,0,0,0,0,0,0,0,0,0,0.26666664,0.02222222,1.00E-07
I99711,AWMT480,230306,ASUT14,0,0,0,0,0,0,0,0,0,0,0,0,0,0,0.70979142,0.19897658,0,0,0.03617756,0.05426634,0.0007881
I99706,AWMT475,230306,ASUT08,0,0,0,0,0,0,0,0,0,0,0,0,0,0,0,0,0,0,0,0.181818,0.818182
I99728,AWMT497,230313,ASUT16,0,0,0,0,0,0,0,0,0,0,0,0.00233645,0,0,0,0,0,0,0.74331206,0.25374201,0.00060948
I99716,AWMT485,230313,ASUT06,0,0.562347,0,0.437381,0,0,0,0,0,0,0,0,0,0,0,0,0,0,0,0,0.000272
I99738,AWMW13,230308,ASUW01,0,0,0,0,0,0,0,0,0,0,0,0.00187617,0,0,0,0,0,0,0,0.99623347,0.00189036
I99705,AWMT474,230306,ASUT07,0,0.49830521,0,0.49830521,0,0,0,0,0,0,0,0,0,0,0,0,0,0,0.00166523,0,0.00172435
I99712,AWMT481,230306,ASUT16,0,0.99988938,0,0,0,0,0,0,0,0,0,0,0,0,0,0,0,0,0,0,0.00011062
I99713,AWMT482,230306,ASUT17,0,0,0,0,0,0,0,0,0,0,0,0,0,0,0,0,0,0.00884956,0,0,0.99115044
I99704,AWMT473,230306,ASUT03,0,0.45958761,0,0.51953382,0,0,0,0,0,0,0,0,0,0,0,0,0,0,0.01998207,0,0.0008965
I99739,AWMW14,230308,ASUW02,0,0.51988632,0,0.47953423,0,0,0,0,0,0,0,0,0,0,0,0,0,0,0,0,0.00057945
I99717,AWMT486,230313,ASUT02,0,0.99999999,0,0,0,0,0,0,0,0,0,0,0,0,0,0,0,0,0,0,1.00E-08
I99729,AWMT498,230313,ASUT17,0,0,0,0,0,0,0,0,0,0,0,0,0,0,0,0,0,0,0,0,1
I99707,AWMT476,230306,ASUT09,0,0,0,0,0,0,0,0,0,0,0,0,0,0,0,0,0,0.48958302,0,0.01041666,0.50000032
I99710,AWMT479,230306,ASUT15,0,0.9990682,0,0,0,0,0,0,0,0,0,0,0,0,0,0,0,0,0,0,0.0009318
I99703,AWMT472,230306,ASUT04,0,0,0,0,0,0,0,0,0,0,0,0,0,0,0,0,0,0,0,0.99411752,0.00588248
I99730,AWMW5,230216,ASUW02,0,0.99912118,0,0,0,0,0,0,0,0,0,0,0,0,0,0,0,0,0,0,0.00087882
I99727,AWMT496,230313,ASUT14,0,0,0,0,0,0,0,0,0,0,0,0,0,0,0,0,0,0,0,0.99999999,1.00E-08
I99709,AWMT478,230306,ASUT12,0,0,0,0,0,0,0,0,0,0,0,0,0,0,0,0,0,0,0,0.99999999,1.00E-08
I99723,AWMT492,230313,ASUT10,0,0.99759718,0,0.00142248,0,0,0,0,0,0,0,0,0,0,0,0,0,0,0,0,0.00098034
I99734,AWMW9,230222,ASUW03,0,0,0,0,0,0,0,0,0,0,0,0,0,0,0,0,0,0.00167504,0,0.99832497,-1.00E-08
I99740,AWMW15,230308,ASUW03,0,0,0,0,0,0,0,0,0,0,0,0,0,0,0,0,0,0.05616959,0.00100622,0.94282814,-3.95E-06
I99724,AWMT493,230313,ASUT11,0,0.99950768,0,0,0,0,0,0,0,0,0,0,0,0,0,0,0,0,0,0,0.00049232
I99733,AWMW8,230222,ASUW02,0,0.4612167,0,0.53808615,0,0,0,0,0,0,0,0,0,0,0,0,0,0,0,0,0.00069715
I99737,AWMW12,230301,ASUW03,0,0,0,0,0,0,0,0,0,0,0,0,0,0,0,0,0,0.16882082,0,0.83117918,0
I99719,AWMT488,230313,ASUT03,0,0.99960884,0,0,0,0,0,0,0,0,0,0,0,0,0,0,0,0,0,0,0.00039116
I101380,AWMT550,230403,ASUT11,0.14050994,0.05538348,0.02974298,0.07384464,0.25435376,0.03897356,0.03999918,0.08922894,0.01640992,0.00615372,0.00717934,0.15179176,0.00717934,0.01948678,0,0.00205124,0.00717934,0,0.05846034,0,0.00207174
I101287,AWMP67,230403,ASUP04,0,0.99631143,0,0.00182726,0,0,0,0,0,0,0,0,0,0,0,0,0,0,0,0,0.00186131
I101282,AWMW31,230329,ASUW04,0,0.35656425,0,0.58069035,0,0,0,0,0,0,0,0.0407502,0,0,0,0,0,0,0.0203751,0,0.0016201
I101377,AWMT547,230403,ASUT08,0,0.96910592,0,0.03028456,0,0,0,0,0,0,0,0,0,0,0,0,0,0,0,0,0.00060952
I101376,AWMT546,230403,ASUT07,0,0.9985451,0,0,0,0,0,0,0,0,0,0,0,0,0,0,0,0,0,0,0.0014549
I101369,AWMT539,230403,ASUT18,0,0,0,0,0,0,0,0,0,0,0,0,0,0,0,0,0,0,0,0,1
I101372,AWMT542,230403,ASUT06,0,0.9995788,0,0,0,0,0,0,0,0,0,0,0,0,0,0,0,0,0,0,0.0004212
I101387,AWMT557,230403,ASUT17,0.18812508,0.06698393,0.03990532,0.0997633,0.11829077,0.05130684,0,0.12684191,0,0,0.00997633,0.17244799,0.01140152,0.0285038,0,0,0.00997633,0,0.0570076,0.01946646,2.82E-06
I101283,AWMW32,230329,ASUW05,0,0.73467325,0,0.23509544,0,0,0,0,0,0,0,0,0,0,0,0,0,0,0.02938693,0,0.00084438
I101383,AWMT553,230403,ASUT20,0,0.99696192,0,0.00175285,0,0,0,0,0,0,0,0,0,0,0,0,0,0,0,0,0.00128523
I101370,AWMT540,230403,ASUT1,0,0.99933617,0,0,0,0,0,0,0,0,0,0,0,0,0,0,0,0,0,0,0.00066383
I101289,AWMP69,230403,ASUP06,0,0.46926302,0,0.53047124,0,0,0,0,0,0,0,0,0,0,0,0,0,0,0,0,0.00026574
I101285,AWMP65,230403,ASUP02,0,0,0,0,0,0,0,0,0,0,0,0,0,0,0,0,0,0,0,1.00000001,-1.00E-08
I101288,AWMP68,230403,ASUP05,0,0.99778066,0,0,0,0,0,0,0,0,0,0,0,0,0,0,0,0,0,0,0.00221934
I101378,AWMT548,230403,ASUT09,0,0.99831751,0,0,0,0,0,0,0,0,0,0,0,0,0,0,0,0,0,0,0.00168249
I101284,AWMP64,230403,ASUP01,0,0.9984613,0,0,0,0,0,0,0,0,0,0,0,0,0,0,0,0,0,0,0.0015387
I101381,AWMT551,230403,ASUT12,0,0,0,0.95502968,0,0,0,0,0,0,0,0,0,0,0,0,0,0,0.04341044,0,0.00155988
I101290,AWMP70,230403,ASUP07,0,0.59233792,0,0.40723232,0,0,0,0,0,0,0,0,0,0,0,0,0,0,0,0,0.00042976
I101374,AWMT544,230403,ASUT04,0,0.9967293,0,0,0,0,0,0,0,0,0,0,0,0,0,0,0,0,0,0,0.0032707
I101280,AWMW29,230329,ASUW02,0,0,0,0,0,0,0,0,0,0,0,0,0,0,0,0,0,0,0.9985631,0,0.0014369
I101277,AWMDT10,230329,ASUDT01,0,0,0,0,0,0,0,0,0,0,0,0,0,0,0,0,0,0,0.00105485,0.99894295,2.20E-06
I101379,AWMT549,230403,ASUT10,0,0.49703766,0,0.30768998,0,0,0,0,0,0,0,0.14201076,0,0,0,0,0.03550269,0,0.01183423,0,0.00592468
I101286,AWMP66,230403,ASUP03,0,0.99971312,0,0,0,0,0,0,0,0,0,0,0,0,0,0,0,0,0,0,0.00028688
I101373,AWMT543,230403,ASUT02,0,0.99933856,0,0,0,0,0,0,0,0,0,0,0,0,0,0,0,0,0,0,0.00066144
I101384,AWMT554,230403,ASUT14,0,0.99940515,0,0,0,0,0,0,0,0,0,0,0,0,0,0,0,0,0,0,0.00059485
I101291,AWMP71,230403,ASUP08,0,0.99859135,0,0,0,0,0,0,0,0,0,0,0,0,0,0,0,0,0,0,0.00140865
I101386,AWMT556,230403,ASUT21,0,0,0,0,0,0.07546396,0,0.2915653,0,0,0.02401126,0.47336484,0.02744144,0.05831306,0,0,0.02058108,0,0.02744144,0,0.00181762
I101375,AWMT545,230403,ASUT03,0,0.99802425,0,0,0,0,0,0,0,0,0,0,0,0,0,0,0,0,0,0,0.00197575
I101382,AWMT552,230403,ASUT15,0,0,0,0,0,0,0,0,0,0,0,0,0,0,0,0,0,0.005698,0,0.994302,0
I101278,AWMDT11,230329,ASUDT02,0,0.99873767,0,0,0,0,0,0,0,0,0,0,0,0,0,0,0,0,0,0,0.00126233
I101371,AWMT541,230403,ASUT05,0,0,0,0,0,0,0,0,0,0,0,0,0,0,0,0,0,0,0,0.99807415,0.00192585
I101385,AWMT555,230403,ASUT16,0,0.59515277,0,0.40213025,0,0,0,0,0,0,0,0,0,0,0,0,0,0,0,0,0.00271698