Respiratory_Seq_ID,External_ID,Date,Site,Adenovirus,Bocavirus,Coronavirus,Enterovirus,Metapneumovirus,Parainfluenza,Parechovirus,RSV,Rhinovirus,Rubulavirus,Influenza,Polyomavirus,SARS-CoV-2
I47876,AWW5(2),220126,ASUT01,0,5.665674586,0,0,0,0,0,0,0,0,0,0,14828.70714
I47877,AWW6(2),220126,ASUT02,0,0,0,0,0,0,0,0,0,0,0,0,349.5105713
I57540,AWW16(2),220210,ASUT04,39.70875681,4104.379259,769.8706385,0,0,0,0,0,0,0,0,0,6478.689063
I57541,AWW17(2),220210,ASUT03,0,0,1454.743548,0,0,0,0,0,0,0,0,0,0.973941228
I57542,AWW18(2),220216,ASUT01,575.7744932,0,2127.576974,0,0,0,0,0,0,0,4424.113414,0,563.7450167
I57543,AWW19(2),220216,ASUT02,0,10.40397719,103.3461734,0,0,0,0,0,0,0,0,0,84.38781495
I57544,AWW20(2),220216,ASUT03,0,0,0,0,0,0,0,0,0,0,0,0,494.4148744
I57545,AWW21(2),220216,ASUT04,0,12.65253606,0,0,0,0,0,0,0,0,0,0,48.33917621
I57546,AWW22(2),220216,ASUT05,3.185406591,528.5120435,0,0,0,0,0,0,0,0,0,0,2.919956041
I57547,AWW23(2),220216,ASUT06,72731.02765,0,1467.902039,0,0,0,0,0,0,0,0,0,248.7414826
I57548,AWW24(2),220216,ASUT07,1.386364166,15.66591507,152.9159675,0,0,0,0,0,0,0,0,0,40.75910647
I57549,AWW25(2),220216,ASUT08,110.5501377,0.913637502,0,0,0,0,0,0,0,0,0,0,801.2600888
I57550,AWW26(2),220216,ASUT09,0,0,7.001402614,0,0,0,0,0,0,0,0,0,38611.06842
I57551,AWW27(2),220222,ASUT01,0,0,52.87494088,0,0,0,0,0,0,0,0,0,154.7354135
I57552,AWW28(2),220222,ASUT05,274.2878459,8.424555268,0,0,0,0,0,0,0,0,0,0,0.39183978
I57553,AWW29(2),220222,ASUT06,0,0,0,0,0,0,0,0,0,0,0,0,1.227307594
I57554,AWW30(2),220222,ASUT02,85.42021558,65.50630029,0,0,0,0,0,0,0,0,0,0,17.29366328
I57555,AWW31(2),220222,ASUT04,0,144.231751,369.4998211,0,0,0,0,0,0,0,0,0,3.439207177
I57556,AWW32(2),220222,ASUT03,0,0,0,0,0,0,0,0,0,0,0,18.49812515,4.926131155
I57557,AWW33(2),220222,ASUT07,607.8120047,11.22945472,33.83050915,0,0,0,0,0,0,0,8.955134775,0,10.66087473
I57558,AWW34(2),220222,ASUT08,565.3766925,0,132.2487519,0,0,0,0,0,0,0,1.327798714,0,1353.29245
I57559,AWW35(2),220222,ASUT09,0,0,24154.43659,0,0,0,0,0,0,0,3187.062814,0,347.5483233
I57560,AWW36(2),220222,ASUT10,5.984820998,0,222.3735052,0,0,0,0,0,0,0,124.559087,0,226.6750953
I57561,AWW37(2),220302,ASUT01,0,0,376.4929954,0,0,0,0,4587.124216,0,0,0,0,1.384165424
I57562,AWW38(2),220302,ASUT05,22.9430751,14.6001387,30198.30117,0,0,0,0,0,0,0,14.6001387,0,771.7216171
I57563,AWW39(2),220302,ASUT06,24.37407762,0,8969.463998,0,0,0,0,48.15845981,0,0,744.9818885,0,66.04588774
I57564,AWW40(2),220302,ASUT02,0,7.741247985,17.35107307,0,0,0,0,0,0,0,16.55025431,0,147.0837117
I57565,AWW41(2),220302,ASUT04,10.91139459,69.86549671,381.8988106,0,0,0,0,0,0,0,539.7068906,0,2267.127225
I57566,AWW42(2),220302,ASUT03,0,0,73.68408303,0,0,3.028113001,0,27.45489121,0,0,0,31.08862681,0.4037484
I57567,AWW43(2),220302,ASUT07,5.972879254,0.968575014,25.99009621,0,0,0,0,1.721911136,0,0,0,0,68.93025517
I57568,AWW44(2),220302,ASUT08,0,0,0,0,0.11510855,0,0,0,0,0,0,0,0.920868397
I57569,AWW45(2),220302,ASUT09,0,0,72.90239358,0,0,306.9268326,0,0,0,0,0,0,181.2865372
I57570,AWW46(2),220302,ASUT10,0,0,0,0,0,0,0,0,0,0,0,0,329.2384187
I57571,AWW47(2),220302,ASUT11,17.84938301,0,0,0,0,0,0,0,0,0,0,0,0.324534237
I57572,AWW48(2),220308,ASUT01,3.25846174,0,1.594566383,0,0,0,0,0,0,0,0,0,35.08046043
I57573,AWW49(2),220308,ASUT05,0,36.45954742,2008.097783,0,0,0,0,0,0,0,2.587451753,0,10.11458412
I57574,AWW50(2),220308,ASUT06,0,1.357355948,757.4046191,0,0,0,0,0,0,0,0,0,0.581723978
I57575,AWW51(2),220308,ASUT02,0.161623789,0,0,0,0,0,0,0,0,0,0,0,5.495208824
I57576,AWW52(2),220308,ASUT04,0,713.5612699,0,0,0,0,0,0,0,0,0,0,14.50437992
I57578,AWW54(2),220308,ASUT07,5.675481636,19.05340263,1468.328177,0,0,0,0,0,0,0,0,0,28.37740818
I57579,AWW55(2),220308,ASUT08,39.59973328,6.954791866,0,0,0,0,0,0,0,0,0,0,9.083809784
I57580,AWW56(2),220308,ASUT09,4762.842379,0,575.7983748,0,0,29.0027832,0,0,0,0,0,0,0.26608058
I57581,AWW57(2),220308,ASUT10,0,0,26.61771948,0,0,0,0,0,0,0,0.82749387,0,5.5166258
I57582,AWW58(2),220308,ASUT11,0,0.923433795,0,0,0,0,0,0,0,0,0,0,0.307811265
I57584,AWW60(2),220316,ASUT01,0,0,12.43159767,0,0,0,0,0,0,0,0,0,76.61923462
I57585,AWW61(2),220316,ASUT05,0,0,486.1713785,0,0,0,0,0,0,0,0,0,10.16874863
I57586,AWW62(2),220316,ASUT06,0,8.521755018,0.681740401,0,0,0,0,0,0.340870201,0,0,0,6.476533814
I59460,AWW63(2),220316,ASUT02,0,0,65.8828908,0.727987744,0,0,0,0,0,0,0,0,5.641905013
I59461,AWW64(2),220316,ASUT04,0,0,181.8619817,0,0,0,0,0,0,0,28.84005307,0,0
I59462,AWW65(2),220316,ASUT03,766.8664048,0,1093.417085,0,0,0,0,0,0,0,0,0,0.465614089
I59463,AWW66(2),220316,ASUT07,838.2570109,0,74.11544403,0,0,0,0,0,0.412325141,0,0,0,2.164706988
I59464,AWW67(2),220316,ASUT08,28.19785948,0,0,0,0,0,0,0,4.750726325,0,904.6302418,0,3.064984726
I59465,AWW68(2),220316,ASUT09,0,0,2300.49403,0,0,0,0,0,0,0,0,0,887.7602194
I59466,AWW69(2),220316,ASUT10,50.8341912,0,166.1150767,0,0,28.50117833,0,0,0,0,0,0,0.425390721
I59468,AWW71(2),220316,ASUT12,0,0,185.4031821,0,12.69884809,0,0,0,0,0,0,0,0
I59469,AWW72(2),220323,ASUT01,8.547109777,0,39.92721281,0,0,0,0,0,0,0,297.8057249,0,0.366304705
I59470,AWW73(2),220323,ASUT05,4.774265387,0,236.2649282,0,0,0,0,0,0,0,485.873316,0,0
I59471,AWW74(2),220323,ASUT06,0,0,261.9351636,0,0,0,0,0,0,0,638.6866353,0,15.39810546
I59472,AWW75(2),220323,ASUT02,0,0,1305.60606,3.651880165,0,0,0,0,0,0,663.6997693,0,0.235605172
I59473,AWW76(2),220323,ASUT04,0,0,1917.201635,0,0,0,0,0,0,0,194.5434346,0,396.8007247
I59474,AWW77(2),220323,ASUT03,0,0,27651.25284,0,0,0,0,0,0,0,2493.001843,0,1.950705668
I59475,AWW78(2),220323,ASUT07,0,0,16065.47774,0,18.43760766,5.794676694,0,0,0,0,2912.088433,0,162.7777362
I59476,AWW79(2),220323,ASUT08,0,0,41.71263599,0,0,0,0,0,0,0,92620.08025,0,221.6425658
I59478,AWW81(2),220323,ASUT10,0,0,1227.357837,0,0,0.161303435,0,0,0.483910305,0,66.29571178,0,1.93564122
I59479,AWW82(2),220323,ASUT11,0,2.838147778,90.31987929,0,0,0,0,0,0,0,280.97663,0,0
I59480,AWW83(2),220323,ASUT12,0,0,1629.188945,0,0,0,0,0,0,0,350.2317267,0,17.24507159
I59481,AWW84(2),220330,ASUT01,0,9.168138595,467.1729571,0,0,0,0,0,0,0,48.3337833,0,63.29232521
I59482,AWW85(2),220330,ASUT05,0,0,577.4630764,0,6.671588817,0.741287646,0,0,0,0,1347.660941,0,0.741287646
I59483,AWW86(2),220330,ASUT06,488.4904533,0,161.5947175,0,0,0,0,4.694647756,0,0,15.56646361,0,0.247086724
I59484,AWW87(2),220330,ASUT02,0,0,1178.390786,0,23.24007113,2.979496298,0,0,0,0,5031.773349,0,0.29794963
I59486,AWW89(2),220330,ASUT03,84.17785869,0,5019.40063,0,0,0,0,32.28508235,9.972878841,0,58.65405013,164.1299213,0.507095534
I59487,AWW90(2),220330,ASUT07,2.837913597,3.095905742,3524.043707,0,0,1347.105986,0,0,0,0,882.7201247,0,144.9915856
I59488,AWW91(2),220330,ASUT08,0,0,616.5056673,0,0,0,0,0,0,0,7250.498482,0,6.003899375
I59489,AWW92(2),220330,ASUT09,5.861643716,0,2667.373537,0,0,0,0,0,0,0,3606.213473,0,12.70022805
I59490,AWW93(2),220330,ASUT10,0,0,3.749203295,0,0,2.360609482,0,0,0,0,9.997875451,0,0.555437525
I59491,AWW94(2),220330,ASUT11,0,0,0,0,0,0,0,0,0,0,356.3689607,0,0.333678802
I59492,AWW95(2),220330,ASUT12,0,0,103159.5896,0,0,0,0,0,0,0,33.21554994,0,0
I59493,AWW96(2),220330,ASUT13,14004.27249,0,0,0,0,0,0,0,0,0,0,0,474.7211014
I59494,AWW97(2),220330,ASUT14,0,0,0,0,0,0,0,0,0,0,0,0,33.11715192
I60316,AWW102(2),220404,ASUT04,1.263981851,3.37061827,12148.71943,0,0,0,0,0,36.48694277,0,0,0,2718.656431
I60317,AWW103(2),220404,ASUT03,1609.720501,0,4.270995748,0,0,0,0,5.872619153,0,0,11.92319646,0.800811703,220.0452601
I60318,AWW104(2),220404,ASUT07,19.77431749,0,2503.700622,0,1.255512222,39.13013091,0,0,0,0,1591.570993,0,1064.77899
I60319,AWW105(2),220404,ASUT08,1.381758149,0,381.7857843,0,0,0,0,0,0,0,38.80938106,0,275.3303303
I60320,AWW106(2),220404,ASUT09,17.05529208,0,1952.536887,4.70490816,0,0,0,0,0,0,26.26907056,0,385.4103935
I60321,AWW107(2),220404,ASUT10,1.090199357,3.270598071,206.9821351,0,0,8.202452305,0,0,0,0,6.696938907,0,239.532373
I60322,AWW108(2),220404,ASUT11,0.417256314,74.03319179,27.77734893,0,0,0,0,0,0,0,123.8059093,0,115.460783
I60324,AWW109(2),220404,ASUT12,17.58397309,0,26535.03964,0,0,0,0,0,0,0,299.2022921,0,872.8794141
I60325,AWW110(2),220404,ASUT15,76.33508326,157.2965352,4188.02025,0,0,115.6592171,0,0,201.2470377,0,12223.44435,0,1941.918254
I62247,AWW111(2),220411,ASUT01,7.554802157,0,158.8019413,0,0,0,0,0,0,0,16.92275683,0,1469.106827
I62248,AWW112(2),220411,ASUT05,43.47842186,0,196.3695757,0,0,1.911139423,0,0,0,0,0,66.1732025,2137.131659
I62249,AWW113(2),220411,ASUT06,41.6642563,0,367.8702315,0,0,0,0,0,0,0,125.6488989,0,1333.037492
I62250,AWW114(2),220411,ASUT02,50.83484728,5.485070227,24.19307761,0,0,0,0,0,0,0,0,0,1609.672216
I62251,AWW115(2),220411,ASUT04,12.09534762,0,326.0704131,0,0,0,0,0,0,0,3.779796133,0,1059.476856
I62252,AWW116(2),220411,ASUT03,57.52288656,1.965710152,0,0,0,0,0,0,0,0,0,0,1426.070986
I62253,AWW117(2),220411,ASUT07,131.7984531,387.36107,814.7130405,0,0,0,0,0,0,0,0,0,12478.24423
I62254,AWW118(2),220411,ASUT08,78.63003187,0.485370567,440.9591602,0,0,5.339076238,0,0,0,0,20.87093438,0,1396.896492
I62255,AWW119(2),220411,ASUT09,88.19525395,0,1514.833855,0,0,26.69618622,0,0,0,0,110.1392395,0,1159.257427
I62256,AWW120(2),220411,ASUT10,0,0,375.983039,0,0,0,0,0,0.366455204,0,0,0,666.1239465
I62257,AWW121(2),220411,ASUT11,0,6.95610856,3935.017104,0,0,0,0,0,288.9460479,0,9.63153493,0,870.0486553
I62258,AWW122(2),220411,ASUT12,0,0,1390.488123,0,0,0,0,0,0,0,156.9542221,0,20755.84282
I62259,AWW123(2),220411,ASUT15,92.83265587,188.9807637,24.31331463,0,0,0,0,0,0,0,134.8283812,0,13834.27603
I62260,AWW124(2),220411,ASUT14,150.6056032,0.240968965,0,0,0,0,0,0,0.48193793,0,0,0,3580.075915
I62261,AWW125(2),220411,ASUT16,33.24563439,1.564500441,0,0,0,1.825250516,0,0,16.16650457,0,10.69075302,0,5925.545424
I64183,AWW126(2),220418,ASUT01,0,0,1278.586424,0,0,1812.090579,0,0,0,0,0,0,2182.17694
I64185,AWW128(2),220418,ASUT06,1313.857444,595.134755,130.9443589,0,0,42.66726303,0,0,357.5222385,0,189.0601138,0,157729.8368
I64186,AWW129(2),220418,ASUT02,0,0,9.653065383,0,0,0,0,0,0,0,0,0,418.2994999
I64187,AWW130(2),220418,ASUT04,0.215186091,0,33.56903025,0,0,73.70123628,0,0,0.537965228,0,0,0,879.4655552
I64188,AWW131(2),220418,ASUT03,305.091132,0,207.2077272,0,0,0,0,0,89.23915611,0,21.61062185,0,7168.116146
I64189,AWW132(2),220418,ASUT07,0,0,30502.22502,0,0,20.03769211,0,0,0,0,3.946818144,0,1715.499686
I64190,AWW133(2),220418,ASUT08,0,0,47.48391899,0,0,0,0,0,0,0,3.259426576,0,524.8417567
I64191,AWW134(2),220418,ASUT09,0,0,11215.97784,0,0,345.1811791,0,0,0,0,0,0,4679.71188
I64192,AWW135(2),220418,ASUT10,0,13.68164659,858.7245245,0,0,0,0,0,65.79262407,0,0,0,1376.212687
I64193,AWW136(2),220418,ASUT11,0,31.78370755,89.26905517,0,0,0,0,0,74.35818002,0,0,0,1652.164206
I64194,AWW137(2),220418,ASUT12,0,0,0,0,0,0,0,0,0,0,107.3604918,0,887.2985801
I64195,AWW138(2),220418,ASUT15,0,0,7416.720133,0,0,0,0,0,0,0,0,0,1188.44796
I64196,AWW139(2),220418,ASUT16,6.705927322,34281.05341,0,0,0,0,0,0,33.17669307,0,0,0,2140.014351
I66310,AWW140(2),220425,ASUT01,0,0,36.4746076,0,0,4.052734177,0,0,0,0,0,0,3043.603367
I66311,AWW141(2),220425,ASUT05,0,0,0,0,0,74.16096976,0,0,105.1737389,0,47.19334439,0,1205.452854
I66312,AWW142(2),220425,ASUT06,0,0,0,0,0,109.409799,0,0,225.3100099,0,0.927201687,0,713.9452988
I66313,AWW143(2),220425,ASUT02,0,0,1.773612547,0,0,0,0,0,0,0,0,0,203.6107204
I66314,AWW144(2),220425,ASUT04,12.31067212,0,1.367852458,0,0,0,0,0,0,0,0,0,993.0608845
I66315,AWW145(2),220425,ASUT03,0,0,19.38879988,0,0,5.894195164,0,0,10.23728634,0,359.7010154,0,974.4035268
I66316,AWW146(2),220425,ASUT07,0,0,0,0,0,0,0,0,0,0,107.91561,0,755.40927
I66317,AWW147(2),220425,ASUT08,0,0,0,0,0,0,0,0,0,0,0,0,9.647429335
I66318,AWW148(2),220425,ASUT09,0,0,0,0,0,0,0,0,0,0,0,0,40.32951906
I66319,AWW149(2),220425,ASUT10,1399.120515,19.67478683,592.454255,0,0,0,0,0,0,0,0,0,8911.573108
I66320,AWW150(2),220425,ASUT11,0,0,40.23757642,0,0,0,0,0,0,0,34.94315847,0,1111.96013
I66321,AWW151(2),220425,ASUT12,219.4979716,0,1467.798334,0,0,1.056730262,0,0,0,0,8.302880632,0,1028.65143
I66322,AWW152(2),220425,ASUT15,0,0,0,0,0,0,0,0,0,0,0,0,922.3241322
I66323,AWW153(2),220425,ASUT16,12.68371406,187.2652417,38.66985994,0,0,0,0,0,0.515598133,0,0,0,469.5036595
I68629,AWW154(2),220503,ASUT01,0,0,2487.111513,0,0,2.110983859,0,0,0.124175521,0,0,0,184.1522978
I68630,AWW155(2),220503,ASUT05,13724.21505,0,84.98263081,0,0,1.172909585,0,0,0,0,0,0,3.305472466
I68631,AWW156(2),220503,ASUT06,32506.42921,0,1386.992758,0,0,86.32626131,0,0,0,0,1615.403124,0,1967.267916
I68632,AWW157(2),220503,ASUT02,20.15785577,0,842.6774217,0,0,0,0,0,0,0,85.50619867,0,404.211121
I68633,AWW158(2),220503,ASUT04,0,0,196.5786516,0,0,0,0,0,0.231541404,0,0,0,194.494779
I68634,AWW159(2),220503,ASUT03,1074.645802,0,772.8326429,0,0,372.1831877,0,27.7590311,0.530427346,0,0,0,723.3260906
I68635,AWW160(2),220503,ASUT07,387.4098384,0,8953.423071,0,0,4693.66982,0,0,0,0,115.3893403,0,5344.325301
I68636,AWW161(2),220503,ASUT08,262.1769513,0,137786.318,0,0,487.3635901,0,0,4.542669948,0,0,0,139.5248627
I68637,AWW162(2),220503,ASUT09,0,0,571.2669268,0,0,1047.628844,0,0,5.510613441,0,0,0,2939.606126
I68638,AWW163(2),220503,ASUT10,0,0,32603.66933,0,0,60.13231219,0,0,0,0,0,0,125.1877377
I68639,AWW164(2),220503,ASUT11,0,0,0,0,0,0,0,0,0,0,0,0,3.490815664
I68640,AWW165(2),220503,ASUT12,0,0,797.9849108,0,0,0,0,0,0,0,0,0,8.727107706
I68641,AWW166(2),220503,ASUT15,0,0,454.0762101,0,0,0,0,0,0,0,0,0,275.0360937
I68642,AWW167(2),220503,ASUT16,0,0,124.1455761,0,0,89.30174344,0,0,0,0,0,0,4.384323321
I71468,AWW168(2),220509,ASUT01,23.69320625,0,174.1702715,0,0,0,0,0,0,0,0,0,5575.717186
I71469,AWW169(2),220509,ASUT05,0,0,583.6490278,0,0,0,0,0,0,0,0,0,4094.977087
I71470,AWW170(2),220509,ASUT06,1.827446917,2.07950856,9.893419515,0,0,0,0,0,0,0,0,0,160.5002516
I71471,AWW171(2),220509,ASUT02,10.02163184,0,9.823183686,0,0,0,0,0,0,0,0,0,205.5922889
I71472,AWW172(2),220509,ASUT04,0,0,0,0,0,0,0,0,231.6979542,0,0,0,1358.309221
I71473,AWW173(2),220509,ASUT03,0,0,0,0,0,0,0,0,0.131523258,0,0,0,648.80423
I71474,AWW174(2),220509,ASUT07,140.5005109,0,0,0,0,0,0,0,0,0,0,0,2103.725684
I71475,AWW175(2),220509,ASUT08,20.8195878,0,17.11109872,0,0,15.06167055,0,0,2.667509686,0,0,0,300.6803906
I71476,AWW176(2),220509,ASUT09,0,0,0,0,0,0,0,0,0,0,0,0,3044.941975
I71477,AWW177(2),220509,ASUT10,7.482226536,0,0,0,0,0,0,0,0,0,0,0,777.7280374
I71478,AWW178(2),220509,ASUT11,36.3418534,0,0,0,0,0,0,0,30.86012132,0,0,0,34488.82493
I71479,AWW179(2),220509,ASUT12,0,0,0,0,0,62.44819638,0,0,3.673423317,0,0,0,4048.446442
I71480,AWW180(2),220509,ASUT15,0,0,1794.964637,0,0,10.91716961,0,0,8.187877211,0,0,0,1938.707371
I71481,AWW181(2),220509,ASUT16,0,0,244.2177307,0,0,0,0,0,0,0,0,0,1573.470718
I74116,AWW183(2),220516,ASUT05,0,0,0,0,0,0,0,0,2675.217243,0,0,0,238720.4493
I74117,AWW184(2),220516,ASUT02,0,0.248745762,21.64088127,0,0,0,0,0,0,0,0,0,1844.698569
I74121,AWW188(2),220516,ASUT08,0,0,0,0,0,0,0,0,13.82622617,0,0,0,1936.39936
I74122,AWW189(2),220516,ASUT09,0,0,0,0,0,0,0,0,0,0,0,0,6255.674128
I74124,AWW190(2),220516,ASUT10,7.443768532,0,0,0,0,16.95525054,0,0,0,0,0,0,3337.703101
I74125,AWW191(2),220516,ASUT15,0,0,29.99280042,0,0,0,0,0,0,0,0,0,1824.735897
I74126,AWW192(2),220516,ASUT16,10.64725481,136.9810282,21.90877432,0,0,0,0,0,6.142647006,0,0,0,2284.040912
I77487,AWW193(2),220523,ASUT01,1703.043946,0,3069.114501,0,0,3.495574603,0,0,1198.982089,0,2025.335925,0,369835.9876
I77488,AWW194(2),220523,ASUT02,0,0,80.10516768,0,0,0,0,0,0,0,0,0,1757.231488
I77489,AWW195(2),220523,ASUT04,7.339586457,0,4.587241536,0,0,0,0,0,0,0,0,0,550.4689843
I77490,AWW196(2),220523,ASUT03,0,0,327.8598538,0,0,0,0,0,4.042399236,0,0,0,601.8919705
I77491,AWW197(2),220523,ASUT07,31.7939169,0,0,0,0,0,0,0,0,0,0,0,898.1078118
I77492,AWW198(2),220523,ASUT08,0,0,27.30909682,0,0,0,0,0,0,0,0,0,550.9543999
I77493,AWW199(2),220523,ASUT09,0,0,0,0,0,0,0,0,0,0,0,0,1156.12252
I77494,AWW200(2),220523,ASUT10,0,0,0,0,0,0,0,0,0,0,120.2676646,0,2075.992146
I77496,AWW201(2),220523,ASUT11,0,0,0,0,0,0,0,0,0,0,206.9369763,0,1178.913683
I77497,AWW202(2),220523,ASUT12,0,74.92314237,0,0,0,0,0,0,0,0,48.72051334,0,1928.759146
I77499,AWW203(2),220523,ASUT15,0,0,0,0,0,0,0,0,0,0,16298.9996,0,30573.16138
I77500,AWW204(2),220523,ASUT16,0,106.6635301,8.766865486,0,0,0,0,0,0,0,0,0,398.253129
I80874,AWW205(2),220531,ASUT01,0,0,0,0,0,0,0,0,0,0,0,0,362.3630891
I80875,AWW206(2),220531,ASUT05,0,0,0,0,0,0,0,0,0,0,0,0,77.92931589
I80876,AWW207(2),220531,ASUT06,0,0,20.02468127,0,0,0,0,0,19.00647714,0,0,0,808.1146797
I80877,AWW208(2),220531,ASUT02,0,0,0,0,0,0,0,0,0,0,0,0,182.1766529
I80878,AWW209(2),220531,ASUT04,0,0,0,0,0,0,0,0,0,0,0,0,370.768223
I80879,AWW210(2),220531,ASUT07,0,0,0,0,0,0,0,0,0,0,0,0,431.6183745
I80880,AWW211(2),220531,ASUT09,0,0,0,0,0,0,0,0,0,0,0,0,195.4610622
I80881,AWW212(2),220531,ASUT10,7.706041488,29.13846938,0,0,0,0,0,0,0,0,0,0,1864.139599
I80882,AWW213(2),220531,ASUT11,0,0,0,0,0,0,0,0,0,0,0,0,138.7692216
I80883,AWW214(2),220531,ASUT12,0,0,0,0,0,0,0,0,0,0,0,0,273.0962244
I80884,AWW215(2),220531,ASUT15,0,0,0,0,0,0,0,0,0,0,0,0,2458.60132
I80885,AWW216(2),220531,ASUT16,0,0,0,0,0,0,0,0,5.427743787,0,0,0,1216.023368
I80886,AWW217(2),220606,ASUT01,0,0,108.9560336,0,0,0,0,0,0,0,0,0,332.582578
I80887,AWW218(2),220606,ASUT05,17.85494412,0,0,0,0,0,0,0,0,0,0,0,316.7513463
I80888,AWW219(2),220606,ASUT06,1.669389162,0,0,0,0,0,0,0,1.669389162,0,6.677556649,0,539.2126994
I80889,AWW220(2),220606,ASUT02,0.253605895,1.775241268,0,0,0,0,0,0,0,0,0,0,271.3583081
I80890,AWW221(2),220606,ASUT04,0,0,0,0,0,0,0,0,0,0,0,0,100.0984706
I80891,AWW222(2),220606,ASUT07,28.18199601,4.973293414,33.15528943,0,0,0,0,0,0,0,95.32145711,0,958.1878645
I80892,AWW223(2),220606,ASUT09,0,0,0,0,0,0,0,0,0,0,0,4.478412471,189.937376
I80893,AWW224(2),220606,ASUT10,0,0,0,0,0,0,0,0,0,0,0,0,1977.65669
I80894,AWW225(2),220606,ASUT11,0,0,0,0,0,0,0,0,0,0,0,0,119.3033699
I80895,AWW226(2),220606,ASUT12,0,0,4185.372171,0,5.003860836,0,96.93193276,0,6.433535361,0,0.428902357,0,430.1890644
I80896,AWW227(2),220606,ASUT15,0,0,0,0,0,0,0,0,0,0,1.939492331,0,4600.679966
I80897,AWW228(2),220606,ASUT16,0,0.22798752,0,0,0,0,0,0,0,0,35.33806559,0,1463.907866
I82743,AWW229(2),220613,ASUT01,0,0,0,0,0,0,0,0,72.58166696,0,0,0,48.45770251
I82744,AWW237(2),220613,ASUT09,0,0,0,0,0,0,0,0,43.94904407,0,0,0,117.7400316
I82745,AWW230(2),220613,ASUT05,0,0,1254.545027,0,0,0,0,0,0,0,20.17995975,0,261.1780402
I82746,AWW238(2),220613,ASUT10,0,0,0,2.016259113,0,0,0,0,28.22762759,0,0,0,21285.64746
I82747,AWW231(2),220613,ASUT06,0,0,0,0,0,0,0,0,2.680935679,0,0,0,23.59223397
I82748,AWW239(2),220613,ASUT11,3.03298107,0,0,0,0,0,0,0,5.343823789,0,0,0,7.365811169
I82749,AWW232(2),220613,ASUT02,0,0,3.235793921,0,0,0,0,0,0,0,0,15.1902548,2.247079112
I82750,AWW240(2),220613,ASUT12,0,0,27.26575526,0,0,0,0,0,64.58696635,0,0,0,10.24882999
I82751,AWW233(2),220613,ASUT04,0,0,0,0,0,0,0,0,0,0,0,11.09341046,5.65838386
I82752,AWW241(2),220613,ASUT15,0,0,0,0,0,0,0,0,0,0,0,0,54.33953474
I82753,AWW234(2),220613,ASUT03,0,0,0,0,0,0,0,0,0,0,0,0,13.19913728
I82754,AWW242(2),220613,ASUT16,0,9.620596835,79.95047714,0,0,1.326978874,0,0,15.70258334,0,0,12.6062993,20.78933569
I82755,AWW235(2),220613,ASUT07,0,0,36.45683176,0,0,0,0,0,0,0,0,0,40.01870613
I82756,AWW236(2),220613,ASUT08,0,0,0,0,0,0,0,0,310.8465717,0,0,0,2970.311685
I83782,AWW243(2),220620,ASUT01,0.142862245,0,0,0,0,0,0,0,0,0,0,0,0
I83783,AWW244(2),220620,ASUT05,0,0,0,0,0,0,0,0,0,0,0,0,5.535625739
I83784,AWW245(2),220620,ASUT06,0,0,0,0,0,0,0,0,0,0,0,0,0.668135228
I83785,AWW246(2),220620,ASUT02,0,0,0,0,0,0,0,0,0,0,0,0,0.995747164
I83786,AWW247(2),220620,ASUT04,0,0,0,0,0,0,0,0,69.06645513,0,0,0,212.7856228
I83787,AWW248(2),220620,ASUT03,0,0,0,0,0,0,0,0,0,0,0,0,2.961493185
I83788,AWW249(2),220620,ASUT07,10.52600266,3.864619333,0,0,0,0,0,0,0,0,0,0,0.966154833
I83789,AWW250(2),220620,ASUT08,0.701675218,0,0,0,0,0,0,0,0,0,0,0,4.32699718
I83790,AWW251(2),220620,ASUT09,0,0,0,0,0,0,0,0,0,0,0,0,11.05808962
I83791,AWW252(2),220620,ASUT10,0,0,0,0,0,0,0,0,0,0,0,0,33.54418298
I83792,AWW253(2),220620,ASUT12,14.52022952,0,0,0,0,0,0,0,0,0,0,0,19.41291555
I83793,AWW254(2),220620,ASUT15,0,0,0,0,0,0,0,0,0,0,0,0,33.11486312
I83794,AWW255(2),220620,ASUT16,0,0,0,0,0,0,0,0,0,0,0,0,3.205065779
I84398,AWW256(2),220627,ASUT01,0,0,0,0,0,4.308098447,0,0,0,0,0,0,2.393388026
I84399,AWW257(2),220627,ASUT05,0,0,0,0,0,21378.852,0,0,0,0,0,0,521.5060234
I84400,AWW258(2),220627,ASUT06,0,0,0,0,0,0,0,0,0,0,0,0,0.554636477
I84402,AWW260(2),220627,ASUT04,0,0,0,0,0,0,0,0,0,0,0,0,13.98914442
I84403,AWW261(2),220627,ASUT07,0,0,0,0,0,0,0,0,0.599527093,0,0,0,79.53726101
I84404,AWW262(2),220627,ASUT08,0,0,0,0,0,0,0,0,0,0,0,0,5.727988738
I84405,AWW263(2),220627,ASUT09,0,0,0,0,0,0,0,0,0,0,0,0,4.857269648
I84406,AWW264(2),220627,ASUT10,0,0,0,0,0,0,0,0,0,0,0,0,45.77075613
I84407,AWW265(2),220627,ASUT11,0,0,0,0,0,0,0,0,0.618250635,0,0,0,55.79711982
I84408,AWW266(2),220627,ASUT12,0,0,0,0,0,0,0,0,0,0,0,0,4571.055098
I84409,AWW267(2),220627,ASUT15,0,0,1.357553598,0,0,0,0,0,0.150839289,0,0,0,177.3870035
I84410,AWW268(2),220627,ASUT16,0,0,0,0,0,0,0,0,0,0,0,0,22.40804299
I85252,AWW270(2),220705,ASUT05,619.7704828,0,160.2142567,0,0,0,0,0,0,0,0,0,12865.61785
I85253,AWW269(2),220705,ASUT01,0,0,28209.32134,0,0,0,0,0,0,0,0,0,514197.5767
I85254,AWW278(2),220705,ASUT12,0,0,258.1704237,0,0,0,0,0,0,0,0,0,991.9179437
I85255,AWW279(2),220705,ASUT15,0,0,193.3311508,0,0,0.551586736,0,0,0,0,9.10118114,0,835.6539047
I85256,AWW277(2),220705,ASUT11,0,0,2147.784312,0,0,0,0,0,0,0,0,0,25714.78142
I85257,AWW276(2),220705,ASUT10,1.442605923,0,93.04808206,0,0,60.95010026,0,0,0,0,0,0,30895.56976
I85258,AWW275(2),220705,ASUT09,0,0,29.22118963,0,0,0,0,0,0,0,0,0,1236.483148
I85259,AWW274(2),220705,ASUT08,0,0,1109.258239,0,0,0,0,1.232509154,0,0,0,0,7880.663534
I85260,AWW273(2),220705,ASUT07,4.491305154,0,289.0475674,0,0,0,0,0,0,0,0,0,3038.688744
I85261,AWW271(2),220705,ASUT02,0,0,106.3778822,0,0,0,0,0,0,0,0,0,2772.237787
I85262,AWW272(2),220705,ASUT04,0,0,989.3957948,0,0,0,0,0,0,0,0,0,45484.01669
I85264,AWW280(2),220705,ASUT16,0,0,1333.587476,0,0,0,0,0,0,0,0,0,3029.793858
I88547,AWW281(2),220711,ASUT01,0,0,0,0,0,0,0,0,0,0,0,0,5127.593777
I88548,AWW282(2),220711,ASUT05,0,0,0,0,0,0,0,0,0,0,0,0,6993.637487
I88549,AWW283(2),220711,ASUT06,26.22682532,0,0,0,0,0,0,0,0,0,0,0,392.3533068
I88551,AWW285(2),220711,ASUT04,0,0,0,0,0,0,0,0,0,0,0,17.7415834,27.82993475
I88552,AWW286(2),220711,ASUT07,0,0,0,0,0,0,0,0,0,0,0,0,23.47002691
I88553,AWW287(2),220711,ASUT08,0,0,0,0,0,0,0,0,0,0,0,0,12.76703476
I88554,AWW288(2),220711,ASUT09,0,0,0,0,0,0,0,0,0,0,0,0,18.17916488
I88555,AWW289(2),220711,ASUT10,0,0,0,0,0,82.38319764,0,0,0.64462596,0,0,0,2545.241139
I88556,AWW290(2),220711,ASUT11,0,0,0,0,0,0,0,0,0,0,0,0,15776.30871
I88557,AWW291(2),220711,ASUT12,33.62727801,0,0,0,0,0,0,0,0,0,0,0,127.3426429
I88558,AWW292(2),220711,ASUT15,0,0,0,0,0,0,0,0,0,0,0,0,7869.493422
I88559,AWW293(2),220711,ASUT16,10.4731551,0,0,0,0,0,0,0,0,0,0,0,7116.50889
I88560,AWW294(2),220718,ASUT01,0,0,0,0,0,0,0,0,0,0,0,0,201.2209158
I88561,AWW295(2),220718,ASUT05,0,0,0,0,0,0,0,0,0,0,0,0,8.528908308
I88562,AWW296(2),220718,ASUT06,0,0,0,0,0,0,0,0,0,0,0,0,1582.708771
I88563,AWW297(2),220718,ASUT04,0,0,0,0,0,0,0,0,0,0,0,0,1504.170655
I88564,AWW298(2),220718,ASUT03,0,0,0,0,0,0,0,0,0,0,0,0,393.1344703
I88566,AWW300(2),220718,ASUT08,674.3088334,0,0,0,0,0,0,0,0,0,0,0,3126.835316
I88567,AWW301(2),220718,ASUT09,0,0,0,0,0,0,0,0,0,0,0,0,39351.09065
I88568,AWW302(2),220718,ASUT10,0,0,0,0.366755519,0,0,0,0,0.733511039,0,0,0,16.13724285
I88569,AWW303(2),220718,ASUT11,0,0,0,0,0,0,0,0,0,0,0,0,969.8786224
I88570,AWW304(2),220718,ASUT12,0,0,0,0,0,0,0,0,0,0,0,0,38142.42819
I88571,AWW305(2),220718,ASUT15,0,0,0,0,0,0,0,0,0,0,0,0,36158.20474
I88572,AWW306(2),220718,ASUT16,0,0,0,0,0,0,0,0,0,0,0,0,36.48406601
I88573,AWW307(2),220725,ASUT01,0,0,0,0,0,0,0,0,0,0,0,0,88.90469417
I88574,AWW308(2),220725,ASUT05,127.7972416,0,0,0,0,0,0,0,0,0,0,0,124.9729931
I88575,AWW309(2),220725,ASUT06,0,0,0,0,0,0,0,0,0,0,0,0,17.54004782
I88576,AWW310(2),220725,ASUT02,0,0,0,0,0,0,0,0,0,0,0,0,52.55604293
I88577,AWW311(2),220725,ASUT04,0,0,0,0,0,0,0,0,33.89776079,0,0,0,0
I88578,AWW312(2),220725,ASUT03,0,0,0,0,0,0,0,0,0,0,0,0,24.2290909
I88579,AWW313(2),220725,ASUT07,17.05175993,0,0,0,0,0,0,0,0,0,0,0,78.80678236
I88580,AWW314(2),220725,ASUT08,222.3839146,0,0,0,0,0,0,0,0,0,0,0,105.5554986
I88581,AWW315(2),220725,ASUT09,0,0,0,0,0,0,0,0,0,0,0,0,14693.51576
I88582,AWW316(2),220725,ASUT10,0,0,0,0,0,0,0,0,0.432656853,0,0,0,11.68173502
I88583,AWW317(2),220725,ASUT11,0,0,0,0,0,0,0,0,0,0,0,0,1355.670509
I88584,AWW318(2),220725,ASUT12,0,0,0,0,0,0,0,0,0,0,0,0,18.23727477
I88585,AWW319(2),220725,ASUT15,0,0,0,0,0,0,0,0,0,0,0,0,148.7857243
I89118,AWW322(2),220801,ASUT05,0,0,0,0,0,0,0,0,0,0,0,0,4619.618636
I89119,AWW323(2),220801,ASUT02,3.492437127,0,0,0,0,0,0,0,0,0,0,0,34669.42336
I89120,AWW324(2),220801,ASUT04,0,0,0,0,0,0,0,0,0,0,0,0,7.888903206
I89121,AWW325(2),220801,ASUT03,0,0,0,0,0,0,0,0,0,0,0,0,1054.603402
I89122,AWW326(2),220801,ASUT07,47.36144147,0,0,0,0,0,0,0,0,0,0,0,144.7155156
I89123,AWW327(2),220801,ASUT08,0,0,0,0,0,0,0,0,0,0,0,0,6832.230778
I89124,AWW328(2),220801,ASUT09,0,0,0,0,0,0,0,0,0,0,0,0,98.40219437
I89128,AWW332(2),220801,ASUT15,0,0,0,0,0,0,0,0,0,0,0,121.1672445,124.5330012
I89129,AWW333(2),220801,ASUT16,0,0,0,0,0,0,0,0,0,0,0,0,199.8527703
I89130,AWW334(2),220808,ASUT01,46.21214455,0,0,0,0,0,0,0,0,0,0,0,0
I89133,AWW337(2),220808,ASUT02,0,0,0,0,0,0,0,0,0,2.963776721,0,0,25.68606491
I89134,AWW338(2),220808,ASUT04,0,0,0,0,0,0,0,0,0,0,0,0,6043.212874
I89135,AWW339(2),220808,ASUT03,0,0,0,0,0,0,0,0,0,0,0,0,1389.010221
I89138,AWW342(2),220808,ASUT09,0,0,0,0,0,0,0,0,0,0,0,0,618.6614817
I89139,AWW343(2),220808,ASUT10,0,0,7.106748094,0,0,0,0,0,0,0,0,0,0
I89140,AWW344(2),220808,ASUT11,0,0,0,0,0,0,0,0,0,0,0,0,25.65911861
I89142,AWW346(2),220808,ASUT15,0,0,0,0,0,0,0,0,0,0,0,0,1069.42307
I89143,AWW347(2),220808,ASUT16,0,0,0,0,0,0,0,0,0,0,0,0,5912.741656
I89144,AWMT1(2),220809,ASUT01,9.204308025,7.158906241,0,0,0,0,0,0,0,0,0,0,0
I89145,AWMT2(2),220809,ASUT05,0,0,0,0,0,0,0,0,0,0,0,0,56.62754647
I89146,AWMT3(2),220809,ASUT06,1.669053413,0,0,0,0,0,0,0,0,2.50358012,0,0,70.10024335
I89147,AWMT4(2),220809,ASUT02,0,0,0,0,0,0,0,0,0,35.37638508,0,0,310.5260468
I89148,AWMT5(2),220809,ASUT03,0,0,0,0,0,7.848923913,0,0,0,0,0,0,13794.48378
I89149,AWMT6(2),220809,ASUT07,0,0,0,0,0,0,0,0,0,0,0,0,44.86578401
I89150,AWMT7(2),220809,ASUT08,0,0,0,0,0,0,0,0,0,0,0,0,5.291122872
I89154,AWMT11(2),220809,ASUT15,0,0,0,0,0,29.80102847,0,0,0,0,0,0,47595.55369
I89155,AWMT12(2),220809,ASUT16,78.75928759,0,0,0,0,0,0,0,0,2.336080564,0,0,60.40436887
I89156,AWMT13(2),220810,ASUT04,0,0,0,0,0,0,0,0,0,0,0,0,179.4674488
I89157,AWMT14(2),220810,ASUT09,0,0,0,0,0,0,0,0,0,0,0,0,47.28775188
I89560,AWMT15(2),220816,ASUT01,14.14654363,0,0,0,0,531.3154758,0,0,0,0,37.51909399,0,757.3526404
I89561,AWMT16(2),220816,ASUT05,0,0,0,0,0,352.1365856,0,8.330112777,0,0,0,0,66796.90251
I89562,AWMT17(2),220816,ASUT06,0,0,0,0,0,0,0,0,0,0,0,0,2370.759571
I89563,AWMT18(2),220816,ASUT02,0,0,0,0,0,34.91782671,0,11.63927557,0,0,0,0,9439.452488
I89564,AWMT19(2),220816,ASUT04,0,0,0,0,0,33.27486732,5.075827219,0,0,0,0,0,8077.897028
I89565,AWMT20(2),220816,ASUT03,9.389594952,3.129864984,0,0,0,0,0,0,0,0,0,0,975.265929
I89566,AWMT21(2),220816,ASUT07,2868.421169,119.8875721,0,0,0,0,26.64168269,0,4.440280448,0,0,0,3139.278277
I89567,AWMT22(2),220816,ASUT08,0,217.1432611,0,0,0,0,0,0,0,0,0,0,1363.638127
I89568,AWMT23(2),220816,ASUT09,0,0,0,0,0,0,284.6979327,0,0,0,0,0,2599.49681
I89569,AWMT24(2),220816,ASUT10,0,0,0,0,0,0,0,0,0,0,0,0,14300.37813
I89570,AWMT25(2),220816,ASUT11,0,0,0,0,0,0,0,0,0,0,0,0,14861.24193
I89571,AWMT26(2),220816,ASUT12,23.12844613,0,0,0,0,0,0,0,0,0,0,0,4083.822775
I89572,AWMT27(2),220816,ASUT15,0,0,0,0,0,0,0,0,0,0,0,0,83.46602668
I89574,AWMT29(2),220816,ASUT16,0,0,0,0,0,0,0,0,0,0,0,0,150.4803797
I89575,AWMT30(2),220816,ASUT17,0,0,0,0,0,0,0,0,0,0,0,0,64.72397769
I89576,AWMT31(2),220822,ASUT01,0,0,0,0,0,0,0,0,0,0,0,0,1390.771796
I89577,AWMT32(2),220822,ASUT05,36.25925367,0,0,0,0,0,0,0,3.021604472,0,0,0,3263.764488
I89578,AWMT33(2),220822,ASUT06,0,0,0,0,0,16.86745425,0,0,0.864997654,0,35.89740263,0,193.3269756
I89579,AWMT34(2),220822,ASUT02,0,0,0,0,0,0,0,0,0,0,0,0,5858.135622
I89580,AWMT35(2),220822,ASUT04,0,0,0,0,0,0,0,0,0,0,0,0,16295.49158
I89581,AWMT36(2),220822,ASUT03,0,0,0,0,0,82.78845249,0,0,0,0,0,0,7311.14786
I89582,AWMT37(2),220822,ASUT07,0,29.82325769,11.64041682,0.084966546,0,8.496654612,1.019598553,0,0,0,0,0,714.9085191
I89583,AWMT38(2),220822,ASUT08,0,1302.297809,0,0,0,0,0,0,0,0,0,0,2105.295668
I89584,AWMT39(2),220822,ASUT09,0,0,9.207045881,0,0,0,6.653831478,0,0,0,0,0,2490.699336
I89585,AWMT40(2),220822,ASUT10,0,8.429076481,0,0,0,0,0,0,20.43762379,0,13.04774852,0,1385.948014
I89586,AWMT41(2),220822,ASUT11,0,0,0,0,0,0,0,0,0,0,0,0,285.287786
I89588,AWMT43(2),220822,ASUT15,0,14.3278639,374.6583986,0,0,0,0,0,0,0,0,0,8139.14124
I89590,AWMT45(2),220822,ASUT16,247.9549933,0,44.78116935,0,0,19.07346102,0,0,0,0,0,0,519.1298521
I89591,AWMT46(2),220822,ASUT17,0,0,0,0,0,0,0,0,0,0,17.14586992,0,0
I90668,AWMT47(2),220829,ASUT01,0,0,0,0,0,63.51990427,0,0,0,0,0,0,1402.901972
I90669,AWMT48(2),220829,ASUT05,73.66992229,0,0,0,0,5.386439762,0,0,0,0,0,0.082868304,1508.534607
I90670,AWMT49(2),220829,ASUT06,6.588535251,6.588535251,0,0,0,0,0,0,0,0,0,0,62.78486533
I90671,AWMT50(2),220829,ASUT02,0,0,0,0,0,0,0,0,0,0,0,0,6054.219187
I90672,AWMT51(2),220829,ASUT04,6.546468576,367.2357695,0,0,0,16.78852425,0,0,0,0,0,0,485.3889685
I90673,AWMT52(2),220829,ASUT03,380.2030156,0,0,0,0,1.0705636,0.764688285,0,0,0,0,0,551.9010253
I90674,AWMT53(2),220829,ASUT07,2.974525666,0,0,0,0,8.427822722,0,0,0,0,0,0,70.47973315
I90675,AWMT54(2),220829,ASUT08,5.348154823,0,0,0,0,0,0,0,0,0,0,0,111.2599046
I90676,AWMT55(2),220829,ASUT09,0,49.57307327,0,0,0,0,183.9331961,0,0,0,0,0,383.2511389
I90677,AWMT56(2),220829,ASUT10,0.10223824,0,67.88619166,0,0,0,53.16388503,0,0,0,0,0,7940.63966
I90678,AWMT57(2),220829,ASUT11,0,0,0,0,0,0,0,0,0,0,0,0,787.8489902
I90679,AWMT58(2),220829,ASUT12,0.103393467,0,0,0,0,0,0,0,0,0,0,0,111.5615505
I90680,AWMT59(2),220829,ASUT15,0.460319112,0,0,0,0,0,0,0,0,0,0,0,635.9308527
I90681,AWMT60(2),220829,ASUT14,299.7701762,0,0,0,0,0,0,0,0,0,0,0,1032.541718
I90682,AWMT61(2),220829,ASUT16,1.13218021,0,0,0,0,0,3.135268276,0,0.087090785,0,0,0,267.7170744
I90683,AWMT62(2),220829,ASUT17,0,0,0,0,0,0,0,0,0,0,0,0,595.2717684
I91668,AWMT63(2),220906,ASUT01,0.603222535,0.120644507,0,0,0,0,0,0,0,0,0,0,0.965156057
I91669,AWMT64(2),220906,ASUT05,0,0,0,0,0,0,0,0,2.904302598,0,0,0,1943.98863
I91671,AWMT66(2),220906,ASUT04,553.4187675,5.03871412,0,0,0,0,0,0,0,0,0,0,3946.572835
I91672,AWMT67(2),220906,ASUT03,12.81274987,35.271053,0,0,0,0,0,0,0,0,0,0,28.36080588
I91673,AWMT68(2),220906,ASUT07,0,227.0747117,0,0,0,0,0,0,0.184688663,0,0,0,20.6851303
I91674,AWMT69(2),220906,ASUT08,1.996938511,0,0,0,0,0,0,0,0.544619594,0,0,0,46.11112563
I91675,AWMT70(2),220906,ASUT09,0,0,3.369847675,0,0,51.08382726,3.293260228,0,0.153174894,0,0,0,630.0849278
I91676,AWMT71(2),220906,ASUT10,64.34851626,28.75146471,6.747792738,0,0,0,0,0,0.195588195,0,0,0,228.2514239
I91677,AWMT72(2),220906,ASUT11,0.106463874,0,0,0,0,0,0,0,0,0,0,0,29.17110155
I91678,AWMT73(2),220906,ASUT12,0,0,4.718497682,0,0,0,0,0,0,0,0,0,113.569358
I91679,AWMT74(2),220906,ASUT15,0,0,0,0,0,0,0,0,0,0,0,0,127.8039027
I91680,AWMT75(2),220906,ASUT14,0,0,0,0,0,0,0,0,0,0,0,0,3584.259528
I91681,AWMT76(2),220906,ASUT16,0.071391173,85.0982778,0,0,0,0,0,0,0,0,0,0,42.69192125
I91682,AWMT77(2),220906,ASUT17,0,29.99846419,0,0,0,0,0,0,0,0,0,0,0.092019829
I91683,AWMT78(2),220912,ASUT01,264.2331659,0,0,0,0,10.72448946,0,0,2.281806269,0,0,0,202.396216
I91685,AWMT80(2),220912,ASUT02,0,0,0,0,0,205.4805584,0,0,7.414246952,0,0,0,80.49753834
I91686,AWMT81(2),220912,ASUT04,0,0,8.042599456,0,0,47.52445133,0.731145405,0,0,0,0,0,1309.48142
I91687,AWMT82(2),220912,ASUT03,0.051409306,0,0,0,0,48.17052015,0,0,0,0,0,0,1180.152039
I91688,AWMT83(2),220912,ASUT07,0,0,0,0,0,2.761969138,0,0,0,13.6644789,0,0,105.9723948
I91689,AWMT84(2),220912,ASUT08,0,0,0,0,8.312652259,0,0,0,0,0,0,0,74.27757018
I91690,AWMT85(2),220912,ASUT09,0,0,0,0,0,0,0,0,0,0,0,0,388.6603664
I91691,AWMT86(2),220912,ASUT10,39.21831118,11.31297438,0,0,0,0,0,5.656487189,0,5.279388044,0,0,0
I91692,AWMT87(2),220912,ASUT11,4.499928564,0,0,0,0,0,0,0,0,0,0,0,140.7834793
I91693,AWMT88(2),220912,ASUT12,0,0,5.049532216,0,0,0,0,0,0.246318645,0,0,0,85.28783073
I91696,AWMT91(2),220912,ASUT16,45.6182473,0,0,0,0,0.457325787,0,0,0,0,0,0,496.6558052
I91697,AWMT92(2),220912,ASUT17,0.211212289,5.069094933,2.745759755,0,0,6.758793243,0,0,0,0,0,0,58.29459172
I91698,AWMT93(2),220919,ASUT01,69.0954309,15689.36077,0,0,0,11.70057329,0,0,0,0,0,0,220.7596801
I91699,AWMT94(2),220919,ASUT05,427.0288096,60.17864743,0,0,0,203.3671856,0,0,1.550269606,0,0,0,195.7567712
I91700,AWMT95(2),220919,ASUT06,30.00305765,13.04842119,0,0,0,87.18340021,0,0,0.498665778,0,0,0,0.249332889
I91701,AWMT96(2),220919,ASUT02,0,5.202140739,0,0,0,7.514203289,0,0,0.433511728,0,0,0,7.080691561
I91702,AWMT97(2),220919,ASUT04,11.08386421,1.007624019,0,0,0,11.75561356,3.022872058,0,0,5.485952993,0,0,139.6119058
I91703,AWMT98(2),220919,ASUT03,8.347437495,5.640160469,0,0,0,0,0,0,0,0,0,0,20.07897127
I91704,AWMT99(2),220919,ASUT07,184.843005,0,0,0,0,2.628878294,0,0,0,0.164304893,0,0,52.57756588
I91705,AWMT100(2),220919,ASUT08,49.2496899,0,0,0,0,0,0,0,0,0,0,0,76.03199861
I91706,AWMT101(2),220919,ASUT09,0,0,0,0,0,11.9994749,1.679926486,0,0,0.479978996,0,0,174.9523441
I91707,AWMT102(2),220919,ASUT10,16.49356757,1.892704476,0,0,0,20.81974924,0,0,0,5.948499782,0,0,46.23606648
I91708,AWMT103(2),220919,ASUT11,0,0,0,0,0,0,0,0,0,0.200721896,0,0,0.100360948
I91709,AWMT104(2),220919,ASUT12,3.601160191,0,0,0,0,0,0,0,0,1.543354368,0,0,2.572257279
I91710,AWMT105(2),220919,ASUT15,0,0,0,0,0,0,0,0,0,0,0,0,302.4566199
I91711,AWMT106(2),220919,ASUT14,48.09947543,0,0,0,0,0,0,0,0,0,0,0,32.38380524
I91712,AWMT107(2),220919,ASUT16,0,11.89974775,0,0,0,0.313151257,0,0,0,0,0,0,170.9805862
I91713,AWMT108(2),220919,ASUT17,17.28623411,2526.796482,0,0,0,0,0,0,0,0,0,0,27.05671426
I92500,AWMT124(2),221003,ASUT01,10.38935434,0,0,0,3.50338693,28.51032122,0,0,0,0,0,0,5365.135066
I92501,AWMT125(2),221003,ASUT05,77.79044915,443.2461191,0,0,0,0,0,0,0.755247079,0,11.49653887,0,50.18197259
I92502,AWMT126(2),221003,ASUT06,19.93659835,0,0,0,0,9.314640213,0,0,0,0,5.392686439,0,79.58297866
I92503,AWMT127(2),221003,ASUT02,84.33607928,6427.614042,0,0,0,0,0,0,3.012002831,0,307.2242888,0,313.2482945
I92504,AWMT128(2),221003,ASUT04,39.16937111,0,0,0,0,15.69065451,0,0,0.057265162,0,0,0,0.114530325
I92505,AWMT129(2),221003,ASUT03,0,0,0,0,0,456.2382221,2.152067086,4.17754199,0,0,7.089162165,0,45.32000098
I92506,AWMT130(2),221003,ASUT07,162.5226575,21.02381497,0,0,0,51.60390948,0,0,0,0,335.9197019,0,44.55203424
I92507,AWMT131(2),221003,ASUT08,0,0,0,0,0,6.837304616,0,0,0,0,0,0,11.33669217
I92508,AWMT132(2),221003,ASUT09,12.27483169,9.505509903,13.39752971,0,0,69.3078911,0.898158416,0,0.523925743,0,193.5531386,0,152.6120842
I92509,AWMT133(2),221003,ASUT10,56.69082568,57.34495059,0,0,0,29.43562102,0,0,0.218041637,2.180416372,219.3498871,0,73.26199011
I92510,AWMT134(2),221003,ASUT11,0,2260.06777,0,0,0,3.357842385,0,0,0,0,0,0,8.754374789
I92511,AWMT135(2),221003,ASUT12,0,36.01281099,0,0,0,9.689022081,0,0,0,0,0,0,41.09079244
I92512,AWMT136(2),221003,ASUT15,0,0,0,0,0,0,0,0,0,0,0,0,750962.5882
I92513,AWMT137(2),221003,ASUT14,0.581262979,0,0,0,0,126.849467,0,0,0,0,0,0,0
I92514,AWMT138(2),221003,ASUT16,17.77722739,0.793137837,0,0,0,8.998012014,0,0,0,7.90402879,14.16708274,0,17.66782906
I92515,AWMT139(2),221003,ASUT17,0.112041893,2856.209281,0,0,0,0,0,0,0,0,0,0,17.29179881
I93379,AWMT112(2),220926,ASUT02,0,0,0,0,0,0,0,0,0,0,0,0,0
I93380,AWMT113(2),220926,ASUT04,0,0,0,0,0,0,0,0,0,0,0,0,0
I93381,AWMT114(2),220926,ASUT03,0,0,0,0,0,0,0,0,0,0,0,0,0
I93382,AWMT115(2),220926,ASUT07,0,0,0,0,0,0,0,0,0,0,0,0,0
I93383,AWMT116(2),220926,ASUT08,0,0,0,0,0,0,0,0,0,0,0,0,0
I93384,AWMT117(2),220926,ASUT09,0,0,0,0,0,0,0,0,0,0,0,0,0
I93385,AWMT118(2),220926,ASUT10,0,0,0,0,0,0,0,0,0,0,0,0,0
I93386,AWMT119(2),220926,ASUT12,0,0,0,0,0,0,0,0,0,0,0,0,0
I93387,AWMT120(2),220926,ASUT15,0,0,0,0,0,0,0,0,0,0,0,0,0
I93389,AWMT122(2),220926,ASUT16,0,0,0,0,0,0,0,0,0,0,0,0,0
I93390,AWMT123(2),220926,ASUT17,0,0,0,0,0,0,0,0,0,0,0,0,0
I93391,AWMT140(2),221010,ASUT01,0,52.72959064,0,0,0,0,0,0,0,0,0,0,102.7893286
I93392,AWMT141(2),221010,ASUT05,63.9246522,0,0,0,0,7.4883164,0,0,0.365283727,0,279.6246929,0,176.4320401
I93393,AWMT142(2),221010,ASUT06,0,0,0,0,0,1.055792288,0,0,0,0,4.223169151,0,28.50639177
I93394,AWMT143(2),221010,ASUT02,0.619919373,0,0,0,7.025752897,0,0,0,0,0,0,0,26.65653305
I93395,AWMT144(2),221010,ASUT04,282.8102195,0,0,0,0,165.1852964,0,0,0,0,0.696005462,0,31.55224762
I93396,AWMT145(2),221010,ASUT03,0,0,0,0,0,401.4102881,0.47786939,0,0,0,9.796322508,0,2.150412258
I93397,AWMT146(2),221010,ASUT07,73.46139876,19.33194705,0,0,47.07897692,13.64608026,0,0,0.227434671,0,0,0,0
I93398,AWMT147(2),221010,ASUT08,879.2801592,0,0,0,0,0,0,0,0,0,0,0,0
I93399,AWMT148(2),221010,ASUT09,0,0,41.92124564,0,0,0,0,0,0,26.26391293,215.6671312,0,139.9058439
I93400,AWMT149(2),221010,ASUT10,6.747639953,0,0,0,0,4.0967814,0,0,0,0,8.675537082,0,0
I93401,AWMT150(2),221010,ASUT11,0,12.19691513,0,0,0,16.26255351,0,0,0,0,0,0,0
I93402,AWMT151(2),221010,ASUT12,0,0,0,0,0,0,0,0,0,0,22.37216801,0,8.719409072
I93403,AWMT152(2),221010,ASUT15,0,0,0,0,0,0,0,0,0,0,0,0,2083.582063
I93404,AWMT153(2),221010,ASUT14,0,0,19.96717987,0,0,0,0,0,0,0,211.2576932,0,0
I93405,AWMT154(2),221010,ASUT16,0,0,0,0,0,0,0,0,0,0,0,0,64.00352244
I93406,AWMT155(2),221010,ASUT17,0,53.9495739,0,0,0,0,0,0,0,0,0,0,0
I93407,AWMT156(2),221017,ASUT01,0,11.82950013,0,0,4.567826781,4.450703018,0,0,0,0,4.684950545,0,9.955519908
I93408,AWMT157(2),221017,ASUT05,0,1405.487925,0,0,0,1.583805828,0,0,1.583805828,0,0,0,8.571184479
I93409,AWMT158(2),221017,ASUT06,0,0,0,0,0,0.484911729,0,0,3.879293833,0,0,1.939646916,0
I93410,AWMT159(2),221017,ASUT02,0,11143.58446,0,0,37.69917885,0,0,0,0,0,0,0,1.830057226
I93411,AWMT160(2),221017,ASUT04,140.5465575,0,4.497489838,0,0,70.83546495,3.373117379,0,16.86558689,0,0,0,35.97991871
I93412,AWMT161(2),221017,ASUT03,337.5114718,45.88706951,0,0,0,134.0385451,2.415108921,0,0,0,83.92503502,0,0.60377723
I93413,AWMT162(2),221017,ASUT07,0,8520.159847,0,0,3.256480789,20.14193673,2.412207992,0,1.688545594,3.618311988,251.8345143,0,2.77403919
I93414,AWMT163(2),221017,ASUT08,114.894491,0,0,0,0,7.180905685,0,0,0,31.59598501,2730.180341,0,15.79799251
I93415,AWMT164(2),221017,ASUT09,0,0,0,0,0,0,0,0,0,0,13.39110487,0,11.90320433
I93416,AWMT165(2),221017,ASUT10,11.85499816,112.1770635,0,0,3.220722043,6.235866084,0,0,1.439046019,0,0,0,23.43589232
I93417,AWMT166(2),221017,ASUT11,0,15.38192424,0,0,0,0.715438337,0,0,0.357719168,0,56.87734776,0,27.54437596
I93418,AWMT167(2),221017,ASUT12,0,0,0,0,0,0,0,0,0,0,0,0,19.56846124
I93419,AWMT168(2),221017,ASUT15,0,0,0,0,11.8613761,0,0,0,0.988448008,0,0,0,93.40833677
I93420,AWMT169(2),221017,ASUT14,0,0,0,0,0,0,0,0,0,0,0,0,1.400062163
I93421,AWMT170(2),221017,ASUT16,0,0,0,0,0,0.944652243,0,0,0.072665557,0,5.013923447,0,0.290662229
I93422,AWMT171(2),221017,ASUT17,4.130669358,1.770286868,0,0,0,0,47.79774543,0,0.354057374,0,0,0,0
I93423,AWMT172(2),221024,ASUT01,61.63551301,37.1769761,0,0,0,75.33229368,0,0,0,0,0,0,46.96039087
I95376,AWMT204(2),221107,ASUT01,0,0,44.93356745,0,0,134.8007023,0,10.3692848,0,0,535.7463811,0,293.7964025
I95377,AWMT205(2),221107,ASUT05,697.3543733,18.51383292,0,0,0,30.8563882,0,0,0,0,148.1106634,0,981.2331447
I95378,AWMT206(2),221107,ASUT06,15.66956031,0,0,0,0,0,0,0,0,0,0,0,109.6869222
I95379,AWMT207(2),221107,ASUT02,92.56337435,33.65940886,0,0,0,0,0,0,0,0,0,0,58.9039655
I95380,AWMT208(2),221107,ASUT04,0,0,0,0,0,400.4072714,0,22.88041551,11.44020775,0,503.3691412,0,640.6516342
I95381,AWMT209(2),221107,ASUT03,508.0044266,0,0,0,0,2074.5379,0,4.475809926,3.356857444,0,20.14114467,0,45.87705174
I95382,AWMT210(2),221107,ASUT07,330.1437776,341.1485702,0,0,0,0,0,0,11.00479259,0,11.00479259,0,748.3258959
I95383,AWMT211(2),221107,ASUT08,0,0,0,0,0,0,0,0,0,0,5.363080553,0,214.5232221
I95384,AWMT212(2),221107,ASUT09,0,0,0,0,2.661783182,42.58853091,0,10.64713273,0,0,127.7655927,0,204.957305
I95385,AWMT213(2),221107,ASUT10,65.333856,65.333856,0,0,0,65.333856,0,0,0,0,0,0,653.33856
I95386,AWMT214(2),221107,ASUT11,0,0,0,0,0,16.26783361,0,0,0,0,0,0,65.07133445
I95387,AWMT215(2),221107,ASUT12,0,0,0,0,0,102.2303249,0,0,0,0,11.35892499,0,374.8445247
I95388,AWMT216(2),221107,ASUT15,0,0,0,0,0,0,0,0,0,0,0,0,267.907765
I95389,AWMT217(2),221107,ASUT14,0,51.04106764,0,0,0,6.805475686,0,0,3.402737843,0,146.3177272,0,1844.283911
I95390,AWMT218(2),221107,ASUT16,78.02888629,0,0,0,0,5.201925753,0,67.62503479,5.201925753,0,9855.048339,0,174.2645127
I95391,AWMT219(2),221107,ASUT17,21.52192277,0,0,0,0,5.380480692,5.380480692,0,0,0,0,0,1199.847194
I95392,AWMT220(2),221114,ASUT01,139.3099313,0,42.39867474,0,0,60.56953534,0,2777.113195,3.028476767,0,196.8509899,0,847.9734948
I95393,AWMT221(2),221114,ASUT05,915.9432955,0,0,0,0,50.418897,0,302.513382,8.4031495,0,327.7228305,0,3050.343269
I95394,AWMT222(2),221114,ASUT06,170.4158146,0,0,0,0,0,0,0,0,0,0,0,553.8513974
I95395,AWMT223(2),221114,ASUT02,984.3348392,21.43186275,0,0,0,4.592542018,0,0,0,0,10.71593138,0,127.0603292
I95396,AWMT224(2),221114,ASUT04,593.3397612,0,0,0,0,148.3349403,0,0,0,0,1631.684343,0,4153.378328
I95397,AWMT225(2),221114,ASUT03,1182.623261,0,0,0,0,27.60988158,2.300823465,0,6.902470394,0,11.50411732,0,135.7485844
I95398,AWMT226(2),221114,ASUT07,271.2469485,0,0,0,0,6.562426173,0,0,37.18708164,0,100.623868,0,218.7475391
I95399,AWMT227(2),221114,ASUT08,0,0,0,0,0,54.77651183,0,0,0,0,54.77651183,0,8298.641543
I95400,AWMT228(2),221114,ASUT09,136.6093558,0,0,0,117.0937335,185.3984114,292.7343338,9.757811128,0,0,2156.476259,0,3054.194883
I95401,AWMT229(2),221114,ASUT10,27.73203917,38.13155386,0,0,0,17.33252448,0,0,45.06456365,0,48.53106855,0,201.057284
I95402,AWMT230(2),221114,ASUT11,0,0,0,0,0,0,0,0,0,0,2.824196587,0,149.6824191
I95403,AWMT231(2),221114,ASUT12,0,0,0,0,0,67.829786,0,0,9.689969428,0,4.844984714,0,7921.550008
I95404,AWMT232(2),221114,ASUT15,0,0,5.635729019,0,0,0,0,0,0,0,3050.807976,0,1452.139511
I95405,AWMT233(2),221114,ASUT14,19.56084133,0,1.778258303,0,0,7.113033211,7.113033211,1.778258303,0,0,154.7084723,0,304.0821698
I95406,AWMT234(2),221114,ASUT16,10.72837053,0,0,0,0,0,0,165.2169062,1.072837053,0,19.31106696,0,109.4293794
I95407,AWMT235(2),221114,ASUT17,0,0,0,0,0,0,0,0,0,0,0,0,1380.597015
I95408,AWMT236(2),221121,ASUT01,361.3012298,0,9277.942901,0,0,27.26801735,0,0,0,0,34.08502168,0,995.282633
I95409,AWMT237(2),221121,ASUT05,122.3906983,0,0,0,0,0,0,6.799483239,36.26391061,0,210.7839804,33.9974162,621.0194692
I95410,AWMT238(2),221121,ASUT06,0,4.289709844,0,0,0,0,0,120.1118756,102.9530363,0,0,38.6073886,154.4295544
I95411,AWMT239(2),221121,ASUT02,539.612019,0,0,0,0,0,0,56.95904645,0,0,83.93964739,0,239.827564
I95412,AWMT240(2),221121,ASUT04,0,0,0,0,0,52.09115953,0,0,0,8.014024543,104.1823191,0,4359.629351
I95413,AWMT241(2),221121,ASUT03,181.4258778,166.3070547,0,0,0,0,0,0,0,0,0,12.95899127,82.07361139
I95414,AWMT242(2),221121,ASUT07,2714.176496,0,0,0,22.79079501,8.28756182,0,0,0,0,16.57512364,0,453.7440096
I95415,AWMT243(2),221121,ASUT08,394.6661916,0,0,0,0,27.21835804,0,0,0,0,66.80869701,0,2234.379755
I95416,AWMT244(2),221121,ASUT09,57.0000855,0,0,0,0,0,0,0,0,0,209.0003135,0,1782.836008
I95417,AWMT245(2),221121,ASUT10,57.46112139,1075.343844,0,0,4.104365814,4.104365814,0,24.62619488,0,0,172.3833642,0,710.0552858
I95418,AWMT246(2),221121,ASUT11,0,0,0,0,0,76.94379256,0,0,28.85392221,0,0,0,375.1009887
I95419,AWMT247(2),221121,ASUT12,30.1629434,0,0,0,11.11266336,246.0661172,0,0,2135.218888,0,11.11266336,0,568.3333545
I95420,AWMT248(2),221121,ASUT14,30.79189652,2.368607425,21.31746682,0,7.105822274,28.4232891,0,4.737214849,2.368607425,0,191.8572014,0,390.8202251
I95421,AWMT249(2),221121,ASUT16,0,0,0,0,0,0,0,0,7.310850033,0,0,0,577.5571526
I95422,AWMT250(2),221121,ASUT17,0,92.61208167,159.9663229,0,0,0,0,8.419280152,0,0,42.09640076,0,2315.302042
I97043,AWMT251(2),221129,ASUT01,1816.410649,0,0,0,0,0,1.016561544,1.108976229,1.016561543,0,16.44981407,0,400.4328334
I97044,AWMT252(2),221129,ASUT05,563.1512698,4191.611065,0,0,0,22.79147045,0,0,165.0217861,0,1190.349457,0,2804.504864
I97045,AWMT253(2),221129,ASUT06,23.74953738,1361.640143,0,0,0,0,0,0,123.8934199,0,2143.395748,0,5848.32358
I97046,AWMT254(2),221129,ASUT02,39.7171251,6.990214018,0,0,167.7651364,149.0186534,0,0.953211002,0,0,5.719266015,0,1723.723229
I97047,AWMT255(2),221129,ASUT04,12.90031477,0,0,0,0,0,4.200102482,0,0,0,229.5055999,0,26249.74049
I97048,AWMT256(2),221129,ASUT03,32973.98231,0,22.50264241,0,185.6467998,159.5040242,15.22237575,79.09016963,3.860747472,0,196.6775069,0,589.7015995
I97049,AWMT257(2),221129,ASUT07,57772.34847,53.61955296,0,0,3.885474852,3.108379881,0,212.1469269,1.554189941,0,1077.053629,0,5431.893843
I97050,AWMT258(2),221129,ASUT08,22299.9154,0,0,0,0,104.931126,0,62.72117716,0.647723,0,30.55093483,0,13141.32808
I97051,AWMT259(2),221129,ASUT09,8171.115279,17.79491454,75.4349638,0,0,6.189535492,0,6.189535492,4.719520812,0,0,0,3331.36274
I97052,AWMT260(2),221129,ASUT10,1532.74531,0,0,0,19.17512005,131.2758219,0,13.90722993,2.52858726,0,2565.883921,0,12057.14691
I97053,AWMT261(2),221129,ASUT11,744.6275605,0,0,0,0,217.6934254,0,50.28653655,2.148997289,0,294.842428,0,2989.685028
I97054,AWMT262(2),221129,ASUT12,21.06351704,0,9245.880954,0,12.03629545,33.60132479,0,22.56805397,22.06654166,0,106.3206098,0,28680.98752
I97055,AWMT263(2),221129,ASUT15,0,0,0,0,2.582879314,0,0,109.6549672,0,0,47.19624928,0,4336.184754
I97056,AWMT264(2),221129,ASUT14,0,0,0,0,108.8384287,0,0,0,0,0,57.82041523,129.9258742,134.6875555
I97057,AWMT265(2),221129,ASUT16,70.88694158,1.764154654,38.33026932,0,58.6982367,45.38688794,0,0.641510784,24.53778747,0,90.29264279,0,45749.98304
I97058,AWMT266(2),221129,ASUT17,74.80068689,0,0,0,0,0,0,0,0,0,2.118999629,0,93.44788363
I97059,AWMT267(2),221205,ASUT01,288.7574507,19.37350308,5.930664209,0,0,0,0,79.73448548,0,0,2960.587573,0,1658.609091
I97060,AWMT268(2),221205,ASUT05,443.5631346,81.99961496,0,0,0,0,0,0,1.999990609,0,10.43473361,0,54.434527
I97061,AWMT269(2),221205,ASUT06,2428.104255,3.007561008,97.2444726,0,54.13609815,174.4385385,0,2.005040672,0,0,171.4309775,0,6390.064622
I97062,AWMT270(2),221205,ASUT04,80.05519621,0,0,0,11.33088931,0,2.463236806,0,0,0,461.3642539,0,1380.151583
I97063,AWMT271(2),221205,ASUT03,10196.01731,0,13852.69829,0,10.17383834,25.63807262,2.238244435,212.022791,0.813907067,0,542.6725371,0,1256.875989
I97064,AWMT272(2),221205,ASUT07,2971.223829,433.2474745,21.34613469,0,0,0,0,24.19228598,0.632478065,101.0383709,1.26495613,0,3059.770758
I97065,AWMT273(2),221205,ASUT08,733.7213618,2641.580793,0,0,0.306483443,56.39295346,0,54.86053624,2.451867541,0,20.22790722,88.2672315,1917.360417
I97066,AWMT274(2),221205,ASUT09,54960.06357,0,571.6687905,0,99.09979956,7.116209011,0,87.5030145,0,0,244.8503026,0,6185.830574
I97067,AWMT275(2),221205,ASUT10,328.0574923,186.5424956,0,0,0,114.7843862,0,0,0.571777764,0,560.9139868,0,1127.974584
I97068,AWMT276(2),221205,ASUT11,852.0217031,0.182563039,0,0,0,170.5138784,0,12.04916058,0,0,0,0,427.7452004
I97069,AWMT277(2),221205,ASUT12,30.48917596,13.72012918,380.3524701,0,0,0,0,6.860064591,0.762229399,0,0.762229399,0,4239.519917
I97070,AWMT278(2),221205,ASUT15,603.7270826,0,0,0,0,101.282292,0,239.8512764,0,0,32833.44484,0,342.7202361
I97071,AWMT279(2),221205,ASUT14,1517.372444,0,255.7213765,0,0.346037045,0.692074091,0,0,5.19055568,0,40.14029726,23188.28845,1063.025803
I97072,AWMT280(2),221205,ASUT16,0,0,0,0,93.72805151,0,0,0,0,0,2.333057559,0,9.230792951
I97073,AWMT281(2),221205,ASUT17,5724.739884,0,0,0,0,9.30531731,0,0,0,0,0,0,35.04776447
I97074,AWMT282(2),221212,ASUT01,0,1102.70267,326.1163241,0,0,0,0,0,0,0,47.94359436,0,239.7179718
I97075,AWMT283(2),221212,ASUT05,0,2333.651292,0,0,102.5780788,6.536838353,0,0,0,0,82.46472999,0,32.68419176
I97076,AWMT284(2),221212,ASUT06,80.148506,13.46163538,0,0,0,2.623293047,0,3.382667351,6.834368729,0,21.5386166,0,769.4532712
I97077,AWMT285(2),221212,ASUT02,102.7233143,0,0,0,1.834344898,161.422351,0,0,0,0,68.78793368,0,147.2061781
I97078,AWMT286(2),221212,ASUT04,17.31835107,0,0,0,0,2.914969983,0,0,12.51722404,0,64.81521491,0,251.5447626
I97079,AWMT287(2),221212,ASUT07,11.03835364,64.46398527,45.03648286,0,0,0,0,0,0,0,149.2385413,0,299.8016849
I97080,AWMT288(2),221212,ASUT08,0,3280.381027,0,0,0,4.639422534,0,0,0,0,16.70192112,0,1042.632891
I97081,AWMT289(2),221212,ASUT09,574.6154253,0,1061.479093,0,0,0,0,50.21937939,0,0,44.40450389,0,762.2773167
I97082,AWMT290(2),221212,ASUT10,2082.014318,55.72642912,0,0,0,0,0,0,0.46828932,0,0,0,603.624934
I97083,AWMT291(2),221212,ASUT11,58.65061048,0,0,0,0,3.693363381,0,0,0,0.443203606,0,0,5398.810855
I97084,AWMT292(2),221212,ASUT12,0,4101.395968,15.6480748,0,0,0,0,0.800185643,0,0,0,0,42.05420102
I97085,AWMT293(2),221212,ASUT15,0,0,304.6386437,0,0,0,0,0,0,0,0,0,1585.63468
I97086,AWMT294(2),221212,ASUT14,3856.762567,0,0,0,0,0,0,0,0,0,112.0726962,0,194.2999461
I97087,AWMT295(2),221212,ASUT16,0,0,0,0,45.97807511,0,0,0,0,0,12.14515192,0,197.5033038
I97088,AWMT296(2),221212,ASUT17,0,0,0,0,0,0,0,0,0,0,0,0,790.0244254
I97541,AWMT298(2),221219,ASUT05,725.2302241,0,0,0,0,0,0,0,0,0,0,0,0
I97542,AWMT299(2),221219,ASUT06,15.9293586,1.32744655,33.18616376,0,3.982339651,0,0,0,0,0,0,0,33.18616376
I97543,AWMT300(2),221219,ASUT02,0.205068697,10.32179107,0,0,0,0,0,1.572193341,0,0,0,0,0
I97545,AWMT302(2),221219,ASUT03,324.6569748,0,174.0852627,0,0,180.4594179,0,0,0.566591579,0,0,0,2223.447004
I97546,AWMT303(2),221219,ASUT07,61.02075326,910.0673278,0,0,0,5.720695618,0,16.20863758,0,0,0,0,130.6225499
I97547,AWMT304(2),221219,ASUT08,10.81965061,2766.756121,0,0,0,0,0,0,0,0,0,0,0
I97548,AWMT305(2),221219,ASUT09,1481.796967,0,0,0,0,0,0,4.140750008,0,0,0,0,133.6870717
I97549,AWMT306(2),221219,ASUT10,2559.566728,0,0,0,0,0,0,0,0,0,23.18448124,0,9.273792494
I97550,AWMT307(2),221219,ASUT11,0,0,0,0,0,28.03938631,0,0,0,0,0,0,2475.640189
I97551,AWMT308(2),221219,ASUT12,0,652.5837483,0,0,0,0,0,0,0,0,0,0,0
I97552,AWMT309(2),221219,ASUT15,0,303.6975173,0,0,0,0,0,0,0,0,68.33194139,0,1776.630476
I97553,AWMT310(2),221219,ASUT14,0,0,0,0,0,0,0,59.96916879,0,0,0,0,672.5953833
I97554,AWMT311(2),221219,ASUT16,0,0,0,0,0,35.08197488,0,0,0,0,0,0,0
I97555,AWMT312(2),221219,ASUT17,1.827400222,5.482200665,0,0,0,0,0,0,0,0,0,0,72.18230876
I97556,AWMT313(2),221228,ASUT01,0,78.45776988,0,0,0,0,0,0,0,0,340.1322638,0,1261.565277
I97558,AWMT315(2),221228,ASUT02,0,0,0,0,0,0,0,0,0,0,0,0,8.870018391
I97559,AWMT316(2),221228,ASUT03,226.2703507,0,0,0,0,0,0,0,0,0,0.518572232,0,12.61859099
I97560,AWMT317(2),221228,ASUT07,0,0.509382053,0,0,0,0,0,0,0,0,0,0,100.3482645
I97562,AWMT319(2),221228,ASUT09,53.17191968,0,0,0,0,0,0,0,0,0,0,0,40.29176522
I97563,AWMT320(2),221228,ASUT10,0,0,0,0,0,0,0,0,0,0,0,0,83.70965965
I97564,AWMT321(2),221228,ASUT11,0,0.469465495,0,0,0,0,0,0,0,0,3295.178308,0,0
I97565,AWMT322(2),221228,ASUT12,0,2.281707173,0,0,0,181.7760048,0,0,0,0,0,0,132.3390161
I97566,AWMT323(2),221228,ASUT15,0,0,759.9438058,0,0,0,0,0,0,0,0,0,0
I97567,AWMT324(2),221228,ASUT14,22.73989779,3.949225949,1.528732625,0,0,3.885528756,0,0,0,0,0,89.62195015,23.88644727
I97569,AWMT326(2),221228,ASUT17,0,1.414295001,0,0,0,0,0,0,0,0,0,0,0
I97570,AWMT327(2),230103,ASUT01,0,0,0,0,0,0,0,0,0,0,0,0,6195.27507
I97571,AWMT328(2),230103,ASUT05,2.034095969,11.97856515,0,0,0,0,0,7.684362548,0,0,115.7174595,0,756.231679
I97572,AWMT329(2),230103,ASUT06,0,21.06873204,67.21383538,0,0,0,0,0,0,0,274.8095484,0,4579.243108
I97573,AWMT330(2),230103,ASUT02,0,0,0,0,0,0,0,0,0,0,0,0,0.376947511
I97574,AWMT331(2),230103,ASUT04,6.604595698,0,2642.572123,0,0,1.834609916,0,0,0,0,66.04595698,0,13457.23066
I97575,AWMT332(2),230103,ASUT03,1856.537457,0,119.9478174,0,0,0,0,0,0,0,0,0,21.76044475
I97576,AWMT333(2),230103,ASUT07,16.04145354,0,26.93753519,0,0,0,0,0,0,0,0,0,756.0669988
I97577,AWMT334(2),230103,ASUT08,0,655.5850445,0,0,0,0,0,7.449830051,0,0,0,0,14.8996601
I97578,AWMT335(2),230103,ASUT09,0,0,53.74217605,0,0,0,0,0,0,0,0,0,0.849678673
I97579,AWMT336(2),230103,ASUT10,14.20065858,0,0,0,0,0,0,8.920926546,0,0,733.336574,0,1075.972977
I97580,AWMT337(2),230103,ASUT11,0,1.909730113,0,0,0,12.60421875,0,0,0,0,0,0,6.111136362
I97581,AWMT338(2),230103,ASUT12,0,0,0,0,0,10.1531077,0,0,0,0,0,0,208.0803566
I97582,AWMT339(2),230103,ASUT15,7.64442786,0,0,0,0,0,0,0.259133148,0,0,4.405263512,0,6.99659499
I97583,AWMT340(2),230103,ASUT14,0,0,0,0,0,13.58898748,0,0,0,0,0,0,0
I97585,AWMT342(2),230103,ASUT17,26.88964024,0,0,0,0,0,0,0,0,0,0,0,0
I98068,AWMT343(2),230109,ASUT01,0,0,0.126575085,0,0,0,0,0,0,0,0,0,0
I98071,AWMT346(2),230109,ASUT04,0,0,0,0,0,0,0,0,0,0,0,0,0.096125101
I98072,AWMT347(2),230109,ASUT03,0.372478669,0,0,0,0,0,0,0,0,0,0,0,0
I98073,AWMT348(2),230109,ASUT07,0,0,0,0,0,0,0,0,0,0,0,0,0.479927972
I98074,AWMT349(2),230109,ASUT08,0.246567929,0,0,0,0,0,0,0,0,0,0,0,0.123283964
I98075,AWMT350(2),230109,ASUT09,0,0,0,0,0,0,0,0,0,0,0,0,0.108144503
I98082,AWMT357(2),230109,ASUT17,0,0,0,0,0,0,0,0,0,0,0,0,0.118689051
I98083,AWMT358(2),230117,ASUT01,0.44424784,0,0.11106196,0,0,0,0,0,0,0,0,0,0
I98088,AWMT363(2),230117,ASUT03,0.158335777,0,0,0,0,0,0,0,0,0,0,0,0.316671554
I98093,AWMT368(2),230117,ASUT11,0,0,0,0,0,0,0,0,0,0,0,0,0.24973737
I98095,AWMT370(2),230117,ASUT15,0.491198782,0,0,0,0,0,0,0,0,0,0,0,0
I98097,AWMT372(2),230117,ASUT16,0,0,0,0,0,0,0,0,0,0,0,0,0.26763583
I98099,AWMT374(2),230123,ASUT01,1.462995718,0,0,0,0,0,0,0,0,0,0,0,0
I98100,AWMT375(2),230123,ASUT05,0.546454881,0.27322744,0,0,0,0,0,0,0,0,0,0,0
I98101,AWMT376(2),230123,ASUT06,0.408005559,0,0,0,0,0,0,0,0,0,0,0,0
I98102,AWMT377(2),230123,ASUT04,0.568322607,0,0,0,0,0,0,0,0,0,0,0,0
I98103,AWMT378(2),230123,ASUT03,0.919016496,0,0.229754124,0,0,0,0,0,0.229754124,0,0,0,0.229754124
I98105,AWMT380(2),230123,ASUT08,0.128723322,0,0,0,0,0,0,0,0,0,0,0,0
I98106,AWMT381(2),230123,ASUT09,5.86086082,0,0,0,0,0,0,0,0,0,0,0,0.219782281
I98109,AWMT384(2),230123,ASUT12,0,0,0.421358671,0,0,0,0,0,0,0,0,0,0
I98110,AWMT385(2),230123,ASUT15,0.256483519,0,0.384725278,0,0,0.384725278,0,0,0,0,0,0,0
I98111,AWMT386(2),230123,ASUT14,0,0,0.149859342,0,0,0,0,0,0,0,0,0,0
I98113,AWMT388(2),230123,ASUT17,0,0,0,0,0,0,0,0,0,0,0,0,0.143336213
I98691,AWMT437(2),230220,ASUT05,2724.79564,0,0,0,0,0,0,0,0,0,0,0,0
I98692,AWMT438(2),230220,ASUT06,9146.934281,0,453.4884377,0,0,6.927176845,0,0,0,0,0,16.10971359,55.90070617
I98693,AWMT439(2),230220,ASUT02,22975.33421,0,616.6994334,0,0,0,0,0,0,0,0,19.13517745,293.0415747
I98694,AWMT440(2),230220,ASUT04,324.9570265,0,685.2212552,0,0,11.76906736,0,0,81.72963445,0,0,5.88453368,54.92231435
I98695,AWMT441(2),230220,ASUT03,10166.59383,0,3192.196578,0,0,1343.288395,0,0,0,0,0,11.66287166,3161.324271
I98696,AWMT442(2),230220,ASUT07,15811.27119,0,1837.770923,0,0,73.47057906,0,0,0,0,0,97.62528998,757.8540552
I98697,AWMT443(2),230220,ASUT08,1882.547157,0,2962.433169,0,0,18.2332245,0,0,0,0,0,12.11111993,146.9305099
I98698,AWMT444(2),230220,ASUT09,1047.623341,0,0,0,0,0,0,0,0,0,0,13.9890357,38.85843251
I98699,AWMT445(2),230220,ASUT10,492.0535508,0,8356.536065,0,1.268833293,0,0,0,0,0,0,82.72793068,451.1971188
I98700,AWMT446(2),230220,ASUT11,2.719631952,0,131.5621957,0,0,1.869746967,0,0,0,0,0,8.498849851,275.7026892
I98701,AWMT447(2),230220,ASUT12,1732.840721,0,207.173577,0,0,5.115396961,0,72.04184054,0,0,0,2.557698481,480.4210313
I98702,AWMT448(2),230220,ASUT15,62.77619122,0,8785.848248,0,0,2.562293519,0,0,0,0,0,1.537376112,504.6437086
I98703,AWMT449(2),230220,ASUT14,6767.012522,0,1315.605374,0,0,23.20876416,0,0,0,0,0,11.93593585,62.99521701
I98704,AWMT450(2),230220,ASUT16,11628.07619,0,3253.000022,0,0,0.204965032,0,0,0,0,0,10.04328657,28.08020938
I98705,AWMT451(2),230220,ASUT17,1124.814736,5626.720306,63.51894982,0,0,0,0,0,0,0,0,18.52636036,215.6997671
I98706,AWMP1(2),230130,ASUP01,470.7997911,14.68320516,1291.184828,0,0,0,0,0,0,0,0,9.372258614,7865.511838
I98707,AWMP2(2),230130,ASUP02,0,0,594.8719281,0,0,0,0,0,0,0,0,115.2412193,20971.46725
I98708,AWMP3(2),230130,ASUP03,0,0,132.9943524,0,0,0,0,0,0,0,0,0,102.9491166
I98709,AWMP4(2),230130,ASUP04,16.23624667,0,141.1973594,0,0,0,0,0,0,0,0,0.579865952,6.378525476
I98710,AWMP5(2),230130,ASUP05,37.23872652,0,141.2881095,0,0,0,0,0,0,0,0,94.19207297,6.571539975
I98711,AWMP6(2),230130,ASUP06,3.532129877,0,14.89222326,0,0,0.381851879,0,0,0,0,0,2.195648301,4.200370664
I98712,AWMP7(2),230206,ASUP01,2.77606477,9.716226693,275.0287025,0,0,0.198290341,0,0,0.396580681,0,0,0.396580681,823.1032042
I98713,AWMP8(2),230206,ASUP02,0,0,526.9584818,0,0,0,0,0,0,0,0,0,13.65682848
I98714,AWMP9(2),230206,ASUP03,0,0,186.5407675,0,0,0,0,2.371280942,0,0,0,3.952134904,136.7438677
I98715,AWMP10(2),230206,ASUP04,0,0,27.40791131,0,0,0,0,0,0,0,0,23.87140663,76.66636943
I98716,AWMP11(2),230206,ASUP05,0,0,19.24957458,0,0,3.849914917,0,0,0,0,0,0,17.09362223
I98717,AWMP12(2),230206,ASUP06,0,0,19.55499237,0,0,7.466451633,0,0,0,0,0,17.77726579,84.61978517
I98718,AWMP13(2),230206,ASUP07,0,0,0,0,0,0,0,0,0,0,0,76.44821589,63.70684657
I98719,AWMP14(2),230213,ASUP01,0.84825254,0,11.36658404,0,0,0,0,0,0,0,0,8.482525404,211.8934846
I98720,AWMP15(2),230213,ASUP02,0,0,1.132667023,0,0,0,0,0,0.377555674,0,0,29.4493426,787.203581
I98721,AWMP16(2),230213,ASUP03,5.261459459,0,0.250545689,0,0,0,0,0,0,0,0,14.78219562,42.34222136
I98722,AWMP17(2),230213,ASUP04,2676.850632,0,0,0,0,0,0,0,1.988744897,0,0,71.19706732,55.48598263
I98723,AWMP18(2),230213,ASUP05,48.55158323,0,44.56104214,0,0,0,0,0,0,0,0,9.643807628,28.93142288
I98724,AWMP19(2),230213,ASUP06,272.9360863,0,1.891012145,0,0,0,0,0,0,0,0,58.62137651,42.86294196
I98725,AWMP20(2),230213,ASUP07,0,2.505438143,0,0,12.88511045,0,0,0,0,0,0,21.65414395,94.49080996
I98726,AWMW1(2),230209,ASUW01,204.9144558,0,23.5272153,0,0,2.276827287,0,0,10.625194,0,0,42.50077602,156.3421404
I98727,AWMW2(2),230209,ASUW02,0.897927064,0,29434.94707,0,0,0,0,0,1.616268714,0,0,5.028391556,47.41054895
I98728,AWMW3(2),230209,ASUW03,12.93052429,11972.67084,135.2731772,0,0,0,0,0,0,0,0,13.92518001,447.5950717
I98729,AWMW4(2),230216,ASUW01,6.704045444,0,0.893872726,0,0,0,0,0,19.66519997,0,0,65.252709,56.31398173
I98730,AWMDT1(2),230209,ASUDT01,169361.6847,0,184.73421,0,0,52.78120285,2.932289047,0,0,0,0,85.03638238,115.8254174
I98731,AWMDT2(2),230216,ASUDT01,1674.602983,59557.25323,0.187022893,0,0,0,0.935114465,0,0,0,0,54.61068473,52.7404558
I99123,AWMT389(2),230130,ASUT01,299.7268473,0,295.8713805,0,0,41.26777459,0,0,2.57031122,0,0,21.13367004,4667.256791
I99124,AWMT390(2),230130,ASUT05,0,0,15.24774697,0,0,10.51568757,0,0,0,0,0,14.19617821,21.90768243
I99125,AWMT391(2),230130,ASUT06,1164.002451,0,79.41627193,0,0,18.00717794,0,9.927033992,41.55502601,0,13.62081408,9.46531148,91.88277974
I99126,AWMT392(2),230130,ASUT02,0,0,315.1734279,0,0,56.28096926,0,0,89.78777886,0,69.63133871,3.40303535,288.4726889
I99127,AWMT393(2),230130,ASUT04,12.9077492,558.5535107,2041.771237,0,0.880073809,141.1051674,0,31.09594125,173.9612562,0,0,24.34870871,1374.088574
I99128,AWMT394(2),230130,ASUT03,5942.736947,0,1552.249965,0,1.256413022,30.83044262,0,0,16.14007498,0,0,8.794891154,23.29196448
I99129,AWMT395(2),230130,ASUT07,767.133296,0,56.84539729,0,0,0,0,0,0.186378352,0,0,26.46572595,287.0226617
I99130,AWMT396(2),230130,ASUT08,7618.516139,0,0.415590185,0,0,0,0,0,0.166236074,0,0,2.742895216,25.51723731
I99131,AWMT397(2),230130,ASUT09,2020.554016,0,145.9830935,0,0,0,0,16.93045094,0,0,0,4.372765475,1239.510829
I99132,AWMT398(2),230130,ASUT10,2092.508001,2584.862824,307.7217648,0,0,0,0,0,0,0,0,41.02956864,1463.387948
I99133,AWMT399(2),230130,ASUT11,0.956117616,0,68.97705659,0,0,0,0,19.39552878,0,0,0,10.92705847,99.43623208
I99134,AWMT400(2),230130,ASUT12,2600.653078,0,8.759088749,0,0,0,0,0,0,0,0,2.388842386,3.822147818
I99135,AWMT401(2),230130,ASUT15,26.96625903,6.771263281,0,0,0,0,0,0,0,0,0,13.54252656,22.92725988
I99136,AWMT402(2),230130,ASUT14,310.572222,43.33565888,100.5309204,0,0,0,0,0,37.28428309,0,0,0,42.94524754
I99137,AWMT403(2),230130,ASUT16,9.611446079,0,451.0972026,0,0,0,0,0,0.160190768,0,0,8.490110703,45.65436887
I99138,AWMT404(2),230130,ASUT17,45.04743921,0,16.48077044,0,0,0,0,0,0.137339754,0,0,48.61827281,68.25785758
I99139,AWMT405(2),230206,ASUT01,6621.562579,0,804.8740492,0,0,73.61503762,0,0,0.122284116,0,0,53.43815854,19.68774262
I99140,AWMT406(2),230206,ASUT05,355.9236337,10.61276522,13.62235536,0,0,5.543981833,0,0,0,0,0,1.900793771,66.84458096
I99141,AWMT407(2),230206,ASUT06,226.2679035,122.6887163,18.27868008,0,0,15.5091831,0,0.553899396,0,0,0,24.09462374,49.57399597
I99142,AWMT408(2),230206,ASUT04,15.39450603,39.94019064,84.84083322,0,3.506526373,2.565751004,0,0,0,0,0,0.085525033,125.9783743
I99143,AWMT409(2),230206,ASUT03,5557.103118,0,3116.804429,0,0,19.25538156,0,0,0,0,0,42.36183943,1331.188712
I99144,AWMT410(2),230206,ASUT07,2436.088918,0,72.67948207,0,0,26.70219414,0,0,0,0,0,12.90900776,75.68568936
I99145,AWMT411(2),230206,ASUT08,76.6997099,0,0,0,0,0,0,0,0,0,0,12.23648551,19.95079159
I99146,AWMT412(2),230206,ASUT09,1330.335672,9.165004628,1257.720635,0,0,21.15001068,0,0,0,0,0,2.820001424,566.8202862
I99147,AWMT413(2),230206,ASUT10,221.5340262,0,351.9532512,0,0,47.9820241,0,0.765670597,0,0,0,71.71781261,1078.829872
I99148,AWMT414(2),230206,ASUT11,18.93336293,0,245.0361318,0,0,13.85702649,0,0,0,0,0,7.408707234,33.33918255
I99149,AWMT415(2),230206,ASUT12,233.859904,0,267.5496229,0,0,0,0,30.44809642,0,0,0,0,89.37616134
I99150,AWMT416(2),230206,ASUT15,1.142311817,0,2.774185842,0,0,0,0,2.284623634,0,0,0,18.11380167,28.55779543
I99151,AWMT417(2),230206,ASUT14,0,0,1005.877753,0,0,0,0,0,0,0,0,6.385680749,1412.565796
I99152,AWMT418(2),230206,ASUT16,97.01228646,7.284198983,407.9151431,0,1.324399815,0,0,0,0,0,0,11.25739843,242.6962661
I99153,AWMT419(2),230206,ASUT17,0,37.96380379,0,0,0,0,0,0,0,0,0,3.504351119,9.69537143
I99154,AWMT420(2),230213,ASUT01,34240.93073,0,788.7677327,0,0,92.61197997,0,0,0,0,0,4.474008694,676.9175154
I99155,AWMT421(2),230213,ASUT05,6440.989441,0,7.675350229,0,0,316.3340773,0,0,0,0,0,0.822358953,13.4318629
I99156,AWMT422(2),230213,ASUT06,6723.689681,0,60.10733385,0,0,780.562169,0,0,0.476097694,0,0,0,353.7405865
I99157,AWMT423(2),230213,ASUT02,26004.26073,0,1570.655528,0,0,49.33996425,0,0,0,0,0,46.54053366,48.11521337
I99158,AWMT424(2),230213,ASUT04,2667.106915,0,3632.806458,0,0,6.831437135,0,0,60.15459921,0,0,10.2471557,215.0005076
I99159,AWMT425(2),230213,ASUT03,9301.489542,0,580.5225156,0,0,167.7526827,0,0,0,0,0,22.48037076,131.0095557
I99160,AWMT426(2),230213,ASUT07,21943.87813,2.329152582,50.54261103,0,0,4.658305164,0,0,0,0,2.329152582,4.658305164,297.1998695
I99161,AWMT427(2),230213,ASUT08,698.1551944,0,676.3227946,0,0,0,0,2.247452913,0,0,0,7.545020495,90.37971359
I99162,AWMT428(2),230213,ASUT09,393.7193486,0,1869.056415,0,0,6.360081785,0,0,0,0,0,3.43242509,160.0115814
I99163,AWMT429(2),230213,ASUT10,4277.893406,0,1924.922518,0,0,0,0,0,0,0,0,8.418500497,468.84572
I99164,AWMT430(2),230213,ASUT11,27.14125394,0,7.237667718,0,0,0,0,0,0,0,0,33.77578268,88.25933689
I99165,AWMT431(2),230213,ASUT12,468.9441402,0,240.6154431,0,0,7.679216269,0,0,0.682597002,0,0,32.08205908,770.1400672
I99166,AWMT432(2),230213,ASUT15,257.4907333,0,47.53493611,0,0,37.74486242,0,0,0,0,0,3.892438937,109.1062429
I99167,AWMT433(2),230213,ASUT14,0,0,70.57206815,0,0,0,0,0,0,0,0,4.329574733,386.7753428
I99168,AWMT434(2),230213,ASUT16,3308.470816,0,4069.064609,0,0,10.32074173,0,0,0,0,0,7.17964642,764.1836159
I99169,AWMT435(2),230213,ASUT17,0,17.19977788,63.33886456,0,0,0,0,0,0,0,0,66.34200038,267.1425818
I99170,AWMT436(2),230220,ASUT01,14016.67754,0,18118.33421,0,0,406.3766079,0,0,0,0,0,33.15426871,2498.884596
I99799,AWMT467(2),230227,ASUT17,613.294863,0,9.999372767,0,0,0,0,0,0,0,0,0,773.8908499
I99800,AWMT468(2),230306,ASUT01,3108.964378,0,57.96517689,0,73.62000569,3.807931329,0,7.615862657,0,0,0,0,116.7765607
I99801,AWMT469(2),230306,ASUT05,519.0768484,0,0,0,0,0,0,0,0,0,0,0,1.191089602
I99802,AWMT470(2),230306,ASUT06,3682.649641,0,0,0,0,13.31379939,0,0,0,0,0,0,6.590989801
I99803,AWMT471(2),230306,ASUT02,9007.579479,0,325.9963213,0,0.392766652,0,0,0,0,0,0,0,150.4296278
I99804,AWMT472(2),230306,ASUT04,5204.196364,8.897255022,122.6425546,0,0,0,0,0,0,1.919015789,0,0,31.92544449
I99805,AWMT473(2),230306,ASUT03,18224.83951,0,3.179005214,0,0,0.993439129,0,0,0,0,0.662292753,0,24.17368548
I99806,AWMT474(2),230306,ASUT07,9339.303498,0,1.81694093,0,0,0.227117616,0,0,0,0,4.315234709,0,3.179646628
I99807,AWMT475(2),230306,ASUT08,2417.136283,10.7808635,15.33772333,0,1.556000918,0,0,0,0,0,0.444571691,0,7.224289975
I99808,AWMT476(2),230306,ASUT09,821.0986365,0,253.1993405,0,0,0,0,0,0,0,0,0,0
I99809,AWMT477(2),230306,ASUT11,54.52525986,0,399.7070842,0,0,306.0800444,0,0,0,0,1.520624777,0,1.520624777
I99811,AWMT479(2),230306,ASUT15,0.174262387,624.904918,0,0,0,0,0,0,0.348524773,0,1.219836706,0,3.485247731
I99812,AWMT480(2),230306,ASUT14,144248.7365,0,0,0,0,0,0,0,0,0,1.822139173,0,127.5497421
I99813,AWMT481(2),230306,ASUT16,12166.31536,0,107.2797239,0,0,0,0,0,0,0,0,0,834.3978528
I99814,AWMT482(2),230306,ASUT17,285.7325429,377.9462273,0,0,0,0,0,0,6.234164573,0,0,0,673.8092876
I99815,AWMT483(2),230313,ASUT01,6586.278688,8.370260131,158.4769252,0,0,40.73526597,0,0,0,0,0,0,337.0424746
I99817,AWMT485(2),230313,ASUT06,1181.235195,0,0,0,0,0.470893042,0,0,0,0,0,0,0
I99818,AWMT486(2),230313,ASUT02,761.5509235,0,10.67503224,0,3.917443022,0.097936076,0,0,0,0,0,0,22.62323345
I99819,AWMT487(2),230313,ASUT04,22067.05948,0,20.91974983,0,0,41.75548459,0,0,0.252045179,0,0,0,152.0672578
I99820,AWMT488(2),230313,ASUT03,13572.78034,0,8.631489647,0,0,2.940397572,0,0,0.094851535,0,0,0,366.8857358
I99821,AWMT489(2),230313,ASUT07,14894.32855,0,58.3244742,0,6.059685631,5.302224927,0,0,0,0,0,0,23.10255147
I99822,AWMT490(2),230313,ASUT08,815.2911449,0,7667.944716,0,0,1.285763813,0,0,0,0,0,0,0.935100955
I99823,AWMT491(2),230313,ASUT09,4460.76276,0,327.4738669,0,0,0,0,0,0,0,3.736406526,0,63.51891094
I99824,AWMT492(2),230313,ASUT10,10198.79764,0,448.9610114,0,0,24.26111218,0,0,0,0,0,0,37.30472087
I99825,AWMT493(2),230313,ASUT11,310.2531845,0,207.2845408,0,0,0,0,0,0,0,0,0,448.9240402
I99826,AWMT494(2),230313,ASUT12,165.8672636,0,258.7637019,0,0,0.538530077,0,0,0,0,0,0,0
I99827,AWMT495(2),230313,ASUT15,2.416378383,3.553497622,0,0,0,0,0,0,0,0,0,0,1.847818764
I99828,AWMT496(2),230313,ASUT14,90750.0868,0,6.026394682,0,0,0,0,0,0,0,0,0,0.927137643
I99829,AWMT497(2),230313,ASUT16,382.4321889,25.38140553,20.24808755,0,11.6925576,0,0,0.570368663,0,0,0,0,9.696267279
I99830,AWMT498(2),230313,ASUT17,254.8378355,55.32316898,0,0,0,0,0,0,0,0,0,0,0
I99831,AWMW5(2),230216,ASUW02,0,2.891479541,5.61287205,0,0,0,0,0,0,0,0,0,88.61534359
I99832,AWMW6(2),230216,ASUW03,0,0,0,0.341214478,0,0,0,0,0,0,0,0,0
I99833,AWMW7(2),230222,ASUW01,0,0,15.11190052,0,0,0,0,0,0,0,0,0,1052.657728
I99834,AWMW8(2),230222,ASUW02,0.183903176,0,0,0,0,0,0,0,0,0,0,0.551709527,4.045869866
I99835,AWMW9(2),230222,ASUW03,0,0,0,0,0,0,0,0,0,0,0,0,184.3552852
I99836,AWMW10(2),230301,ASUW01,0,0,2.135645526,0,0,0,0,0,0,0,0,0,0.066738923
I99837,AWMW11(2),230301,ASUW02,0,0,0,0,0,0,0,0,0,0,0.167841332,0,11.91673459
I99838,AWMW12(2),230301,ASUW03,0,16.78732186,2652.61774,0,0,0,0,0,0,0,0,0,1.10442907
I99839,AWMW13(2),230308,ASUW01,29.67791221,0,3.847136768,0,0,0,0,0,0,0,2.198363868,0,55.92088088
I99840,AWMW14(2),230308,ASUW02,1.156861781,0,0,0,0,0,0,0,0,0,4.710080109,0,8.015399483
I99841,AWMW15(2),230308,ASUW03,109.9145085,68.14699527,0,0,0,0,0,0,0,0,6.59487051,0,767.2032693
I99842,AWMW16(2),230308,ASUW04,46.19779329,2.665257305,0,0,0,0,0,0,0,0,87.16378519,0,212.0360256
I99843,AWMW17(2),230308,ASUW05,3.009086438,5.182315532,0,0,10.53180253,0,0,0,0,0,0,0,6.686858751