Week,NSP5_L50F,NSP5_T21N,NSP5_T21I,NSP5_M165L,NSP5_M165I,NSP5_M165V,NSP5_M165del,NSP5_E166del,NSP5_L167A,NSP5_L167S,NSP5_P168S,NSP5_H172T,NSP5_H172Y,NSP5_R188M,NSP5_R188T,NSP5_Q189F,NSP5_Q189K,NSP5_Q192T,NSP5_Q192stop,NSP5_P252T,NSP5_P252L,NSP5_T304I
Jul-11-2005,0,0,0,0,0,0,0,0,0,0,0,0,0,0,0,0,0,0,0,0,1,0
Jan-20-2020,0,0,0,0,0,0,0,0,0,0,0,0,0,0,0,0,0,0,0,0,1,0
Feb-24-2020,0,0,0,0,0,0,0,0,0,0,0,0,0,0,0,0,0,0,0,0,1,0
Mar-02-2020,0,0,0,0,0,0,0,0,0,0,0,0,0,0,0,0,0,0,0,0,1,0
Mar-09-2020,0,0,0,0,0,0,0,0,0,0,0,0,0,0,0,0,0,0,0,0,1,0
Mar-16-2020,0,0,0,0,0,0,0,0,0,0,0,0,0,0,0,0,0,0,0,0,1,0
Mar-23-2020,0,0,0,0,0,0,0,0,0,0,0,0,0,0,0,0,0,0,0,0,1,0
Mar-30-2020,0,0,0,0,0,0,0,0,0,0,0,0,0,0,0,0,0,0,0,0,1,0
Apr-06-2020,0,0,0,0,0,0,0,0,0,0,0,0,0,0,0,0,0,0,0,0,1,0
Apr-13-2020,0,0,0,0,0,0,0,0,0,0,0,0,0,0,0,0,1,0,0,0,1,0
Apr-20-2020,0,0,0,0,0,0,0,0,0,0,0,0,0,0,0,0,1,1,0,0,1,0
Apr-27-2020,0,0,0,0,0,0,0,0,0,0,0,0,0,0,0,0,1,1,0,0,1,0
May-04-2020,0,0,0,0,0,0,0,0,0,0,0,0,0,0,0,0,3,1,0,0,1,0
May-11-2020,0,0,0,0,0,0,0,0,0,0,0,0,0,0,0,0,3,1,0,0,1,0
May-18-2020,0,0,0,0,0,0,0,0,0,0,0,0,0,0,0,0,3,1,0,0,1,0
May-25-2020,0,0,0,0,0,0,0,0,0,0,0,0,0,0,0,0,3,1,0,0,1,0
Jun-01-2020,0,0,1,0,0,0,0,0,0,0,0,0,0,0,0,0,3,1,0,0,1,0
Jun-08-2020,0,0,1,0,0,0,0,0,0,0,0,0,0,0,0,0,3,1,0,0,1,0
Jun-15-2020,0,0,1,0,0,0,0,0,0,0,0,0,0,0,0,0,3,1,0,0,1,0
Jun-22-2020,0,0,1,0,0,0,0,0,0,0,0,0,0,0,0,0,3,1,0,0,1,0
Jun-29-2020,0,0,1,0,0,0,0,0,0,0,0,0,0,0,0,0,3,1,0,0,1,0
Jul-06-2020,0,0,1,0,0,0,0,0,0,0,0,0,0,0,0,0,3,1,1,0,1,0
Jul-13-2020,0,0,1,0,0,0,0,0,0,0,0,0,0,0,0,0,3,1,1,0,1,0
Jul-20-2020,0,0,1,0,0,0,0,0,0,0,0,0,0,0,0,0,3,1,1,0,1,0
Jul-27-2020,0,0,1,0,0,0,0,0,0,0,0,0,0,0,0,0,3,1,1,0,1,0
Aug-03-2020,0,0,1,0,0,0,0,0,0,0,0,0,0,0,0,0,3,1,1,0,1,0
Aug-10-2020,0,0,1,0,0,0,0,0,0,0,0,0,0,0,0,0,3,1,1,0,1,0
Aug-17-2020,0,0,1,0,0,0,0,0,0,0,0,0,0,0,0,0,3,1,1,0,1,0
Aug-24-2020,2,0,1,0,0,0,0,0,0,0,0,0,0,0,0,0,3,1,1,0,1,0
Aug-31-2020,2,0,2,0,0,0,0,0,0,0,0,0,0,0,0,0,3,1,1,0,1,0
Sep-07-2020,2,0,2,0,0,0,0,0,0,0,0,0,0,0,0,0,3,1,1,0,1,0
Sep-14-2020,2,0,2,0,0,0,0,0,0,0,1,0,0,0,0,0,3,1,1,0,1,0
Sep-21-2020,2,0,2,0,0,0,0,0,0,0,1,0,0,0,0,0,3,1,1,0,1,0
Sep-28-2020,3,0,2,0,0,0,0,0,0,0,1,0,0,0,0,0,3,1,1,0,1,0
Oct-05-2020,3,0,2,0,0,0,0,0,0,0,1,0,0,0,0,0,3,1,1,0,1,0
Oct-12-2020,3,0,2,0,0,0,0,0,0,0,1,0,0,0,0,0,3,1,1,0,1,0
Oct-19-2020,3,0,3,0,0,0,0,0,0,0,1,0,0,0,0,0,3,1,1,0,1,0
Oct-26-2020,3,0,3,0,0,0,0,0,0,0,1,0,0,0,0,0,3,1,1,0,1,0
Nov-02-2020,3,0,9,0,0,0,0,0,0,0,3,0,0,0,0,0,3,1,1,0,1,1
Nov-09-2020,3,0,9,0,0,0,0,0,0,0,3,0,0,0,0,0,3,1,1,0,1,1
Nov-16-2020,4,0,9,0,0,0,0,0,0,0,3,0,0,0,0,0,3,1,1,0,1,1
Nov-23-2020,5,0,9,0,0,0,0,0,0,0,3,0,0,0,0,0,3,1,1,0,1,1
Nov-30-2020,6,0,9,0,0,0,0,0,0,0,3,0,0,0,0,0,3,1,1,0,1,1
Dec-07-2020,6,0,9,0,0,0,0,0,0,0,3,0,0,0,0,0,3,1,1,0,1,1
Dec-14-2020,6,0,9,0,0,0,0,0,0,0,3,0,0,0,0,0,3,1,1,0,1,1
Dec-21-2020,9,0,9,0,0,0,0,0,0,0,3,0,0,0,0,0,3,1,1,0,1,1
Dec-28-2020,9,0,9,0,0,1,0,0,0,0,3,0,0,0,0,0,3,1,1,0,1,3
Jan-04-2021,16,0,11,0,0,1,0,0,0,0,3,0,0,0,0,0,3,1,1,0,1,5
Jan-11-2021,21,0,15,0,0,1,0,0,0,0,3,0,0,0,0,0,3,1,1,0,1,5
Jan-18-2021,26,0,15,0,0,1,0,0,0,0,3,0,1,0,0,0,3,1,1,0,1,5
Jan-25-2021,29,0,15,0,0,1,0,0,0,0,3,0,1,0,0,0,3,1,1,0,1,5
Feb-01-2021,36,0,15,0,0,1,0,0,0,0,3,0,1,0,0,0,3,1,1,0,1,5
Feb-08-2021,39,0,17,0,0,1,0,0,0,0,3,0,1,0,0,0,3,1,1,0,1,5
Feb-15-2021,39,0,17,0,0,1,0,0,0,0,3,0,1,0,0,0,3,1,1,0,1,5
Feb-22-2021,39,0,19,0,0,1,0,0,0,0,3,0,1,0,0,0,3,1,1,0,1,5
Mar-01-2021,39,0,20,0,0,1,0,0,0,0,3,0,1,0,0,0,3,1,1,0,1,5
Mar-08-2021,39,0,20,0,0,1,0,0,0,0,3,0,1,0,0,0,3,1,1,0,1,5
Mar-15-2021,39,1,22,0,0,1,1,1,1,0,4,1,1,0,1,1,3,1,1,0,2,5
Mar-22-2021,41,3,28,0,0,1,2,2,2,0,4,2,1,0,2,2,3,1,1,0,2,5
Mar-29-2021,41,3,31,0,0,1,2,2,2,0,4,2,1,0,2,2,3,1,1,0,2,5
Apr-05-2021,41,3,34,0,0,1,2,2,2,0,4,2,1,0,2,2,3,1,1,0,2,5
Apr-12-2021,41,3,36,0,0,1,2,2,2,0,4,2,1,0,2,2,3,1,1,0,2,5
Apr-19-2021,41,3,37,0,0,1,2,2,2,0,4,2,1,0,2,2,3,1,1,0,2,5
Apr-26-2021,41,3,39,0,0,1,2,2,2,0,4,2,1,0,2,2,3,1,1,0,2,6
May-03-2021,42,3,43,0,0,1,2,2,2,0,4,2,1,0,2,2,3,1,1,0,2,6
May-10-2021,42,3,46,0,0,1,2,2,2,0,4,2,1,0,2,2,3,1,1,0,2,6
May-17-2021,42,3,47,0,0,1,2,2,2,0,4,2,1,0,2,2,3,1,1,0,2,6
May-24-2021,42,3,47,0,0,1,2,2,2,0,4,2,1,0,2,2,3,1,1,0,2,6
May-31-2021,42,3,49,0,0,1,2,2,2,0,4,2,1,0,2,2,3,1,1,0,2,6
Jun-07-2021,42,3,50,0,0,1,2,2,2,0,4,2,1,0,2,2,3,1,1,0,2,6
Jun-14-2021,42,3,51,0,0,1,2,2,2,0,4,2,1,0,2,2,3,1,1,0,2,6
Jun-21-2021,42,3,53,0,0,1,2,2,2,0,4,2,1,0,2,2,3,1,1,0,2,6
Jun-28-2021,42,3,53,0,0,1,2,2,2,0,4,2,1,0,2,2,3,1,1,0,2,6
Jul-05-2021,42,3,54,0,0,1,2,2,2,0,4,2,1,0,2,2,3,1,1,0,2,6
Jul-12-2021,43,3,54,0,0,1,2,2,2,0,4,2,1,0,2,2,3,1,1,0,2,6
Jul-19-2021,43,3,54,0,0,1,2,2,2,0,4,2,1,0,2,2,3,1,1,0,2,6
Jul-26-2021,43,3,54,0,0,1,2,2,2,0,4,2,1,0,2,2,3,1,1,0,2,6
Aug-02-2021,44,3,54,0,0,1,2,2,2,0,4,2,1,0,2,2,3,1,1,0,2,6
Aug-09-2021,45,3,57,0,0,1,2,2,2,0,4,2,1,0,2,2,3,1,1,0,2,6
Aug-16-2021,45,3,59,0,0,1,2,2,2,0,4,2,1,0,2,2,4,2,1,0,2,6
Aug-23-2021,45,3,63,0,0,1,2,2,2,0,4,2,1,0,2,2,4,2,1,0,2,6
Aug-30-2021,45,3,66,0,0,1,2,2,2,0,4,2,1,0,2,2,4,2,1,0,2,6
Sep-06-2021,45,3,67,0,0,1,2,2,2,0,4,2,1,0,2,2,4,2,1,0,2,6
Sep-13-2021,46,3,67,0,0,1,2,2,2,0,4,2,1,0,2,2,4,3,1,0,2,6
Sep-20-2021,46,3,67,0,0,1,2,2,2,0,4,2,1,0,2,2,4,3,1,0,2,6
Sep-27-2021,47,3,68,0,0,1,2,2,2,0,4,2,1,0,2,2,4,3,1,0,2,6
Oct-04-2021,47,3,68,0,0,1,2,2,2,0,4,2,1,0,2,2,4,3,1,0,2,6
Oct-11-2021,49,3,73,0,0,1,2,2,2,0,4,2,1,0,2,2,4,3,1,0,2,6
Oct-18-2021,50,3,74,0,0,1,2,2,2,0,4,2,1,0,2,2,4,3,1,2,2,6
Oct-25-2021,50,3,74,1,0,1,2,2,2,0,4,2,1,0,2,2,4,3,1,2,2,6
Nov-01-2021,52,3,77,1,0,1,2,2,2,0,4,2,1,0,2,2,4,3,1,2,2,6
Nov-08-2021,52,3,77,1,0,1,2,2,2,0,4,2,1,0,2,2,4,3,1,2,2,6
Nov-15-2021,52,3,77,1,0,1,2,2,2,0,4,2,1,0,2,2,4,3,1,3,2,6
Nov-22-2021,53,3,79,1,0,1,2,2,2,0,5,2,1,0,2,2,4,3,1,3,2,6
Nov-29-2021,54,3,80,1,0,1,2,2,2,0,5,2,1,0,2,2,4,3,1,4,2,7
Dec-06-2021,54,3,82,1,0,1,2,2,2,0,5,2,1,2,2,2,4,3,1,4,2,7
Dec-13-2021,54,3,85,1,0,1,2,2,2,0,5,2,1,2,2,2,4,3,1,4,2,7
Dec-20-2021,55,3,90,1,0,1,2,2,2,0,5,2,1,2,2,2,4,3,1,4,2,8
Dec-27-2021,55,3,91,1,0,1,2,2,2,0,5,2,1,2,2,2,4,3,1,4,2,8
Jan-03-2022,56,3,92,1,0,1,2,2,2,0,5,2,1,2,2,2,4,3,1,4,2,9
Jan-10-2022,58,3,95,1,0,1,2,2,2,1,6,2,1,2,2,2,4,3,1,4,2,10
Jan-17-2022,59,3,97,1,0,1,2,2,2,1,9,2,1,2,2,2,4,3,1,4,3,10
Jan-24-2022,59,3,98,1,0,1,2,2,2,1,9,2,1,2,2,2,4,3,1,4,4,10
Jan-31-2022,60,3,98,1,0,1,2,2,2,1,9,2,1,2,2,2,4,3,1,4,4,10
Feb-07-2022,60,3,99,1,0,1,2,2,2,1,9,2,1,2,2,2,4,3,1,4,4,10
Feb-14-2022,60,3,99,1,0,1,2,2,2,1,9,2,1,2,2,2,4,3,1,4,4,10
Feb-21-2022,60,3,99,1,0,1,2,2,2,1,9,2,1,2,2,2,4,3,1,4,4,10
Feb-28-2022,60,3,99,1,0,1,2,2,2,1,9,2,1,2,2,2,4,3,1,4,4,10
Mar-07-2022,60,3,99,1,0,1,2,2,2,1,9,2,1,2,2,2,4,3,1,4,4,10
Mar-14-2022,60,3,99,1,0,1,2,2,2,1,9,2,1,2,2,2,4,3,1,4,4,10
Mar-21-2022,60,3,99,1,0,1,2,2,2,1,9,2,1,2,2,2,4,3,1,4,4,10
Mar-28-2022,60,3,99,1,0,1,2,2,2,1,9,2,1,2,2,2,4,3,1,4,4,10
Apr-04-2022,60,3,99,1,0,1,2,2,2,1,9,2,1,2,2,2,4,3,1,4,4,10
Apr-11-2022,60,3,99,1,0,1,2,2,2,1,9,2,1,2,2,2,4,3,1,4,4,10
Apr-18-2022,60,3,99,1,0,1,2,2,2,1,9,2,1,2,2,2,4,3,1,4,4,10
Apr-25-2022,60,3,100,1,0,1,2,2,2,1,9,2,1,2,2,2,4,3,1,4,4,10
May-02-2022,60,3,100,1,0,1,2,2,2,1,9,2,1,2,2,2,4,3,1,4,4,10
May-09-2022,60,3,100,1,0,1,2,2,2,1,9,2,1,2,2,2,4,3,1,4,5,10
May-16-2022,60,3,100,1,0,1,2,2,2,1,9,2,1,2,2,2,4,3,1,4,5,10
May-23-2022,60,3,100,1,0,1,2,2,2,1,9,2,1,2,2,2,4,3,1,4,5,10
May-30-2022,60,3,101,1,0,1,2,2,2,1,9,2,1,2,2,2,4,3,1,4,5,11
Jun-06-2022,60,3,103,1,0,1,2,2,2,1,9,2,1,2,2,2,4,3,1,4,5,11
Jun-13-2022,60,3,103,1,0,1,2,2,2,1,9,2,1,2,2,2,4,3,1,4,5,11
Jun-20-2022,60,3,107,1,0,1,2,2,2,1,9,2,1,2,2,2,4,3,1,4,5,11
Jun-27-2022,60,3,107,1,0,1,2,2,2,1,10,2,1,2,2,2,4,3,1,4,5,11
Jul-04-2022,60,3,109,1,0,1,2,2,2,1,10,2,1,2,2,2,4,3,1,4,5,11
Jul-11-2022,60,3,110,1,0,1,2,2,2,1,10,2,1,2,2,2,4,3,1,4,5,11
Jul-18-2022,60,3,110,1,0,1,2,2,2,1,10,2,1,2,2,2,4,3,1,4,6,11
Jul-25-2022,60,3,111,1,0,1,2,2,2,1,10,2,1,2,2,2,4,3,1,4,6,11
Aug-01-2022,60,3,111,1,0,1,2,2,2,1,10,2,1,2,2,2,4,3,1,4,6,11
Aug-08-2022,60,3,111,1,0,1,2,2,2,1,10,2,1,2,2,2,4,3,1,4,6,11
Aug-15-2022,60,3,111,1,0,1,2,2,2,1,10,2,1,2,2,2,4,3,1,4,6,11
Aug-22-2022,60,3,111,1,0,1,2,2,2,1,10,2,1,2,2,2,4,3,1,4,6,11
Aug-29-2022,60,3,111,1,0,1,2,2,2,1,10,2,1,2,2,2,4,3,1,4,6,11
Sep-05-2022,60,3,112,1,0,1,2,2,2,1,10,2,1,2,2,2,4,3,1,4,6,11
Sep-12-2022,60,3,112,1,0,1,2,2,2,1,10,2,1,2,2,2,4,3,1,4,6,11
Sep-19-2022,60,3,112,1,0,1,2,2,2,1,10,2,1,2,2,2,4,3,1,4,6,11
Sep-26-2022,60,3,112,1,0,1,2,2,2,1,10,2,1,2,2,2,4,3,1,4,6,11
Oct-03-2022,60,3,114,1,0,1,2,2,2,1,10,2,1,2,2,2,4,3,1,4,6,11
Oct-10-2022,60,3,114,1,0,1,2,2,2,1,10,2,1,2,2,2,4,3,1,4,6,11
Oct-17-2022,60,3,115,1,0,1,2,2,2,1,10,2,1,2,2,2,4,3,1,4,6,11
Oct-24-2022,60,3,115,1,0,1,2,2,2,1,10,2,1,2,2,2,4,3,1,4,6,11
Oct-31-2022,60,3,116,1,0,1,2,2,2,1,10,2,1,2,2,2,4,3,1,4,6,11
Nov-07-2022,60,3,116,1,0,1,2,2,2,1,10,2,1,2,2,2,4,3,1,4,6,11
Nov-14-2022,60,3,117,1,0,1,2,2,2,1,10,2,1,2,2,2,4,3,1,4,6,11
Nov-21-2022,60,3,118,1,0,1,2,2,2,1,10,2,1,2,2,2,4,3,1,4,6,11
Nov-28-2022,60,3,118,1,0,1,2,2,2,1,10,2,1,2,2,2,4,3,1,4,7,11
Dec-05-2022,60,3,118,1,0,1,2,2,2,1,10,2,1,2,2,2,4,3,1,4,7,11
Dec-12-2022,60,3,118,1,0,1,2,2,2,1,10,2,1,2,2,2,4,3,1,4,7,11
Dec-19-2022,60,3,118,1,0,1,2,2,2,1,10,2,1,2,2,2,4,3,1,4,7,11
Dec-26-2022,60,3,119,1,0,1,2,2,2,1,10,2,1,2,2,2,4,3,1,4,7,11
Jan-02-2023,60,3,120,1,0,1,2,2,2,1,10,2,1,2,2,2,4,3,1,4,7,11
Jan-09-2023,60,3,121,1,0,1,2,2,2,1,10,2,1,2,2,2,4,3,1,4,7,11
Jan-16-2023,60,3,121,1,1,1,2,2,2,1,10,2,1,2,2,2,4,3,1,4,7,11
Jan-23-2023,60,3,121,1,1,1,2,2,2,1,10,2,1,2,2,2,4,3,1,4,7,11
Jan-30-2023,60,3,124,1,1,1,2,2,2,1,10,2,1,2,2,2,4,3,1,4,7,11
Feb-06-2023,60,3,124,1,1,1,2,2,2,1,10,2,1,2,2,2,4,3,1,4,7,11
Feb-13-2023,60,3,124,1,1,1,2,2,2,1,10,2,1,2,2,2,4,3,1,4,7,11
Feb-20-2023,60,3,124,1,1,1,2,2,2,1,10,2,1,2,2,2,4,3,1,4,7,11
Feb-27-2023,62,3,124,1,1,1,2,2,2,1,10,2,1,2,2,2,4,3,1,4,7,11
Mar-06-2023,62,3,124,1,1,1,2,2,2,1,10,2,1,2,2,2,4,3,1,4,7,11
Mar-13-2023,63,3,124,1,1,1,2,2,2,1,10,2,1,2,2,2,4,3,1,4,7,11
Mar-20-2023,63,3,124,1,1,1,2,2,2,1,10,2,1,2,2,2,4,3,1,4,7,11
Mar-27-2023,63,3,124,1,1,1,2,2,2,1,10,2,1,2,2,2,4,3,1,4,7,11
Apr-03-2023,63,3,124,1,1,1,2,2,2,1,10,2,1,2,2,2,4,3,1,4,7,11
Apr-10-2023,63,3,124,1,1,1,2,2,2,1,10,2,1,2,2,2,4,3,1,4,7,11
Apr-17-2023,63,3,124,1,1,1,2,2,2,1,10,2,1,2,2,2,4,3,1,4,7,11
Apr-24-2023,63,3,124,1,1,1,2,2,2,1,10,2,1,2,2,2,4,3,1,4,7,11
May-01-2023,63,3,124,1,1,1,2,2,2,1,10,2,1,2,2,2,4,3,1,4,7,11
May-08-2023,63,3,124,1,1,1,2,2,2,1,10,2,1,2,2,2,4,3,1,4,7,11
May-15-2023,63,3,124,1,1,1,2,2,2,1,10,2,1,2,2,2,4,3,1,4,7,11
May-22-2023,63,3,124,1,1,1,2,2,2,1,10,2,1,2,2,2,4,3,1,4,7,11
May-29-2023,63,3,124,1,1,1,2,2,2,1,10,2,1,2,2,2,4,3,1,4,7,11
Jun-05-2023,63,3,124,1,1,1,2,2,2,1,10,2,1,2,2,2,4,3,1,4,7,11
Jun-12-2023,63,3,124,1,1,1,2,2,2,1,10,2,1,2,2,2,4,3,1,4,7,11
Jun-19-2023,64,3,124,1,1,1,2,2,2,1,10,2,1,2,2,2,4,3,1,4,7,11
Jun-26-2023,64,3,124,1,1,1,2,2,2,1,10,2,1,2,2,2,4,3,1,4,7,11
Jul-03-2023,64,3,124,1,1,1,2,2,2,1,10,2,1,2,2,2,4,3,1,4,7,11
Jul-10-2023,64,3,124,1,1,1,2,2,2,1,10,2,1,2,2,2,4,3,1,4,7,11
Jul-17-2023,64,3,124,1,1,1,2,2,2,1,10,2,1,2,2,2,4,3,1,4,7,11
Jul-24-2023,64,3,124,1,1,1,2,2,2,1,10,2,1,2,2,2,4,3,1,4,7,11
Jul-31-2023,64,3,124,1,1,1,2,2,2,1,10,2,1,2,2,2,4,3,1,4,7,11
Aug-07-2023,64,3,124,1,1,1,2,2,2,1,10,2,1,2,2,2,4,3,1,4,7,11
Aug-14-2023,64,3,124,1,1,1,2,2,2,1,10,2,1,2,2,2,4,3,1,4,7,11
Aug-21-2023,64,3,124,1,1,1,2,2,2,1,10,2,1,2,2,2,4,3,1,4,7,11
